Seed,Score,ExecTime,N,M,T,U,GridMean,GridStd,GridMax,GridMin,AvgGradient,MaxGradient,HighValueConcentration,MaxDistFromCenter,CenterEdgeRatio,CenterMean,EdgeMean,CornersMean,EnemyAvgDistance,EnemySpread,EnemyCentroidFromCenter,EnemyAvgValue,EnemyMinDistToHighValue
0000,139951,2217,10,4,100,3,1000.00,182.53,1347,688,229.80,591,5.74,3.00,0.97,979.58,1011.48,1095.25,4.67,1.53,2.00,1046.00,0.67
0001,94890,2211,10,4,100,4,1000.00,310.35,1628,534,368.32,1075,4.74,7.00,1.03,1021.72,987.78,903.25,5.67,1.26,2.50,1068.50,2.25
0002,165665,2169,10,4,100,1,1000.00,381.92,2032,424,349.84,1241,4.18,8.00,0.86,906.47,1052.61,1156.50,0.00,0.00,5.00,837.00,7.00
0003,112184,2181,10,6,100,4,1000.00,506.30,2005,267,157.82,445,1.62,4.00,1.46,1254.64,856.77,594.75,6.83,2.02,2.75,1011.00,3.25
0004,102601,2210,10,5,100,4,1000.00,301.16,2418,626,115.37,520,1.60,9.00,0.96,976.64,1013.14,1185.75,6.00,1.50,2.50,1138.50,3.00
0005,109808,2181,10,6,100,4,1000.00,240.62,2019,623,102.35,620,1.70,5.00,1.10,1061.11,965.62,885.00,4.67,1.63,2.00,894.25,5.00
0006,193507,2211,10,2,100,3,1000.00,218.51,1556,608,170.95,509,1.90,3.00,1.18,1109.11,938.62,772.75,11.00,0.00,0.50,1181.50,2.50
0007,218710,2182,10,3,100,1,1000.00,312.45,2050,518,135.27,562,1.67,4.00,1.10,1062.17,965.03,705.75,0.00,0.00,8.00,965.00,2.00
0008,343802,1870,10,4,100,1,1000.00,273.32,1983,508,237.71,713,2.08,3.00,1.25,1146.31,917.70,944.50,0.00,0.00,6.00,1092.00,5.00
0009,242801,1819,10,4,100,1,1000.00,466.43,2074,531,178.97,1384,2.63,4.00,1.08,1052.75,970.33,915.75,0.00,0.00,5.00,581.00,7.00
0010,365363,1874,10,2,100,2,1000.00,368.86,1882,634,111.35,651,1.60,3.00,1.41,1227.19,872.20,683.50,6.00,0.00,2.00,1303.00,2.00
0011,185883,1895,10,4,100,5,1000.00,279.87,2333,630,141.93,800,1.45,4.00,1.20,1120.22,932.38,858.25,8.50,2.69,2.25,974.75,5.00
0012,177824,1892,10,3,100,3,1000.00,48.90,1075,911,59.62,156,4.36,4.00,0.99,993.69,1003.55,974.00,8.00,2.78,3.67,1063.67,1.33
0013,110626,1867,10,6,100,3,1000.00,656.10,2708,279,215.47,712,1.60,4.00,1.19,1112.81,936.55,647.00,4.00,1.39,2.33,1810.33,1.00
0014,116461,1876,10,6,100,4,1000.00,215.02,1669,685,180.27,623,1.77,7.00,0.94,961.03,1021.92,993.00,7.67,1.08,2.00,868.50,6.00
0015,135444,1881,10,7,100,5,1000.00,285.77,1688,648,161.29,873,1.69,8.00,0.97,982.67,1009.75,787.75,6.60,1.82,1.00,1028.20,3.40
0016,105130,1843,10,5,100,3,1000.00,207.42,2008,749,78.02,431,1.88,6.00,1.03,1019.58,988.98,925.25,5.33,1.53,4.00,1010.00,4.33
0017,167229,1886,10,4,100,2,1000.00,513.75,2027,328,569.49,1643,4.58,8.00,0.91,940.67,1033.38,1257.00,8.00,0.00,2.00,1636.00,0.50
0018,160692,1874,10,2,100,4,1000.00,402.48,1845,421,457.50,1266,4.56,8.00,0.97,983.72,1009.16,1082.00,9.00,0.00,4.50,1510.50,1.50
0019,90329,1791,10,8,100,5,1000.00,280.71,1510,446,190.91,577,2.48,1.00,1.31,1178.69,899.48,702.00,6.80,1.75,1.20,1053.40,2.40
0020,326298,1843,10,2,100,1,1000.00,431.11,1949,325,123.49,345,1.55,4.00,1.28,1163.47,908.05,656.00,0.00,0.00,6.00,1461.00,1.00
0021,192752,1886,10,3,100,2,1000.00,250.75,1445,591,287.10,829,5.14,9.00,0.91,937.44,1035.19,1042.50,9.00,0.00,2.50,662.00,1.00
0022,148053,1878,10,3,100,3,1000.00,186.29,1766,692,81.94,316,1.67,5.00,1.05,1032.11,981.94,917.75,6.67,1.71,1.33,1123.67,2.33
0023,320315,1888,10,2,100,3,1000.00,348.46,1641,368,148.12,410,2.17,5.00,1.22,1131.11,926.25,782.75,6.00,0.00,2.00,1309.00,2.00
0024,127748,1881,10,5,100,2,1000.00,244.44,2142,652,138.15,698,1.88,6.00,1.02,1013.89,992.19,875.50,2.00,0.00,5.00,795.50,8.00
0025,267666,1846,10,4,100,1,1000.00,83.33,1121,846,101.31,274,4.38,5.00,1.00,1000.67,999.62,1058.25,0.00,0.00,9.00,1107.00,0.00
0026,252889,1835,10,6,100,1,1000.00,317.82,2211,634,141.93,622,1.55,1.00,1.60,1316.03,822.23,672.25,0.00,0.00,4.00,1253.00,2.00
0027,171559,1871,10,3,100,1,1000.00,155.53,1241,764,163.49,466,4.10,5.00,1.06,1038.11,978.56,948.50,0.00,0.00,7.00,1137.00,1.00
0028,272886,1898,10,4,100,3,1000.00,403.67,2392,491,142.00,488,1.69,7.00,1.02,1013.06,992.66,926.00,10.00,1.26,1.33,974.67,4.00
0029,90335,1854,10,7,100,3,1000.00,187.32,1320,649,208.16,610,5.24,6.00,0.98,988.19,1006.64,1092.25,4.00,1.35,3.00,959.00,3.67
0030,249824,1837,10,7,100,1,1000.00,372.91,2561,377,325.76,1085,3.19,7.00,0.96,971.44,1016.06,755.75,0.00,0.00,7.00,388.00,7.00
0031,273273,1891,10,4,100,2,1000.00,317.01,2218,479,151.80,575,1.82,7.00,1.01,1007.47,995.80,868.25,7.00,0.00,2.50,1207.00,3.00
0032,122729,1889,10,5,100,2,1000.00,339.09,1798,487,133.03,475,1.93,7.00,1.07,1043.72,975.41,902.75,6.00,0.00,3.00,1282.00,2.00
0033,190932,1872,10,2,100,4,1000.00,447.15,1761,365,552.47,1340,4.86,5.00,0.94,961.03,1021.92,1215.75,5.00,0.00,1.50,1007.50,2.00
0034,280783,1862,10,2,100,4,1000.00,528.72,2029,298,640.72,1714,5.16,8.00,0.93,956.50,1024.47,577.75,2.00,0.00,7.00,857.00,2.00
0035,407336,1864,10,2,100,2,1000.00,230.98,1906,657,117.12,529,1.75,7.00,0.94,963.78,1020.38,1044.50,4.00,0.00,5.00,1134.00,2.50
0036,268783,1862,10,4,100,1,1000.00,196.50,1475,714,75.08,468,1.60,2.00,1.23,1134.31,924.45,833.25,0.00,0.00,3.00,1215.00,1.00
0037,263875,1832,10,7,100,1,1000.00,123.17,1492,779,64.59,219,1.57,4.00,1.11,1065.58,963.11,870.75,0.00,0.00,5.00,1104.00,1.00
0038,240219,1882,10,4,100,1,1000.00,464.15,1859,310,540.78,1472,4.91,7.00,1.09,1054.53,969.33,1026.50,0.00,0.00,4.00,1418.00,2.00
0039,180936,1838,10,2,100,1,1000.00,236.90,1872,580,169.59,614,3.92,9.00,0.97,979.36,1011.61,1248.25,0.00,0.00,7.00,1437.00,0.00
0040,98957,1871,10,6,100,3,1000.00,495.39,1951,298,572.67,1650,4.98,4.00,0.90,931.75,1038.39,1538.75,6.00,1.71,2.33,981.00,2.67
0041,374016,1864,10,2,100,2,1000.00,257.02,2005,628,141.02,581,1.92,8.00,0.93,951.53,1027.27,1057.75,13.00,0.00,1.50,971.50,3.50
0042,172603,1879,10,5,100,4,1000.00,249.15,2442,702,112.16,852,1.50,2.00,1.31,1180.50,898.47,794.75,4.83,1.84,2.25,1260.75,1.00
0043,157064,1840,10,4,100,4,1000.00,317.19,1728,530,308.65,1129,4.76,3.00,0.94,961.22,1021.81,1037.00,5.00,1.47,2.50,928.50,1.75
0044,132446,1876,10,5,100,3,1000.00,16.94,1027,963,18.46,61,5.15,4.00,1.00,999.00,1000.56,999.75,4.67,0.33,1.33,988.33,1.33
0045,218944,1854,10,5,100,1,1000.00,667.91,4076,282,464.86,1573,4.13,7.00,0.70,784.06,1121.47,1143.25,0.00,0.00,7.00,381.00,5.00
0046,153353,1850,10,3,100,1,1000.00,219.11,1768,615,156.70,639,3.27,4.00,1.18,1108.92,938.73,796.00,0.00,0.00,5.00,912.00,4.00
0047,150426,1873,10,6,100,2,1000.00,305.28,2049,495,235.56,803,1.64,5.00,1.05,1033.44,981.19,814.75,7.00,0.00,2.50,919.50,5.50
0048,135752,1844,10,8,100,4,1000.00,276.18,1841,505,159.63,1088,3.85,4.00,1.20,1118.50,933.34,668.75,6.17,1.03,3.25,1074.00,2.00
0049,119159,1841,10,3,100,2,1000.00,246.05,1729,524,155.68,561,1.64,5.00,1.12,1071.11,960.00,836.50,1.00,0.00,5.50,902.00,3.50
0050,179103,1871,10,3,100,4,1000.00,344.76,1615,464,388.87,1100,4.76,5.00,0.97,982.53,1009.83,1149.75,8.00,2.78,1.33,956.00,2.33
0051,201304,1896,10,4,100,2,1000.00,238.66,1919,615,125.20,473,1.75,3.00,1.26,1151.86,914.58,816.00,4.00,0.00,3.00,918.50,4.00
0052,112356,1849,10,6,100,5,1000.00,446.22,1858,363,262.55,1481,3.47,2.00,1.16,1096.17,945.91,910.50,6.80,2.81,3.00,1211.00,1.60
0053,163173,1886,10,3,100,4,1000.00,213.24,1807,705,76.48,301,1.55,4.00,1.08,1050.03,971.86,857.50,6.67,1.26,3.67,1128.33,2.33
0054,322775,1827,10,8,100,1,1000.00,292.27,2466,588,178.46,855,1.80,5.00,0.98,984.53,1008.70,885.00,0.00,0.00,5.00,970.00,5.00
0055,177644,1884,10,6,100,2,1000.00,277.09,1881,562,171.67,564,2.10,5.00,1.29,1170.44,904.12,696.50,7.00,0.00,2.50,1104.00,3.50
0056,114217,1867,10,5,100,4,1000.00,126.83,1373,882,79.43,429,1.62,3.00,1.14,1083.06,953.28,954.25,6.00,2.22,2.00,1033.25,2.25
0057,255436,1886,10,6,100,2,1000.00,313.76,1610,525,400.04,1019,3.75,5.00,0.94,958.00,1023.62,1180.25,9.00,0.00,4.50,1257.50,3.00
0058,80139,1816,10,6,100,5,1000.00,512.11,2408,249,537.45,1746,4.26,9.00,0.99,993.42,1003.70,1112.75,6.40,1.87,3.20,930.60,2.80
0059,108690,1894,10,3,100,4,1000.00,127.18,1174,765,151.96,396,3.36,3.00,1.00,998.19,1001.02,1058.50,8.00,0.58,1.00,1079.00,2.33
0060,82199,1842,10,6,100,4,1000.00,145.27,1597,716,61.13,339,1.60,5.00,1.09,1057.17,967.84,855.25,7.00,0.41,3.00,875.25,7.50
0061,350171,1843,10,5,100,1,1000.00,226.29,1794,625,88.13,353,1.64,6.00,1.03,1016.36,990.80,870.50,0.00,0.00,8.00,1310.00,0.00
0062,111728,1848,10,8,100,3,1000.00,543.16,2238,203,465.11,1680,3.14,3.00,1.67,1344.92,805.98,750.50,8.00,1.95,4.33,792.67,4.67
0063,88320,1853,10,7,100,5,1000.00,364.51,1773,271,182.61,610,1.75,2.00,1.35,1199.78,887.62,613.50,6.40,2.00,0.60,1231.80,3.00
0064,281445,1834,10,6,100,1,1000.00,243.59,1564,529,231.32,662,2.41,1.00,1.30,1172.83,902.78,775.50,0.00,0.00,7.00,529.00,3.00
0065,88793,1864,10,5,100,3,1000.00,161.14,1268,721,181.29,491,4.71,6.00,0.98,983.97,1009.02,952.75,10.67,3.02,2.33,950.00,2.33
0066,159953,1884,10,4,100,2,1000.00,206.51,1387,702,258.73,637,4.88,3.00,1.03,1018.11,989.81,876.25,9.00,0.00,3.50,1087.00,1.50
0067,70191,1875,10,5,100,5,1000.00,347.48,2237,497,272.72,1470,4.71,5.00,0.94,961.56,1021.62,800.50,7.40,2.35,1.60,1152.60,1.80
0068,200411,1809,10,8,100,1,1000.00,177.64,1621,655,95.02,372,4.21,5.00,1.08,1048.00,973.00,894.50,0.00,0.00,3.00,1079.00,1.00
0069,100109,1865,10,3,100,4,1000.00,338.41,1581,450,380.42,1099,4.71,6.00,1.05,1030.56,982.81,1195.50,5.33,1.53,3.00,890.33,2.33
0070,125515,1850,10,8,100,4,1000.00,478.37,2472,335,303.13,914,1.62,8.00,0.97,982.39,1009.91,951.50,7.17,1.22,1.75,880.50,5.75
0071,84742,1807,10,8,100,3,1000.00,170.84,1640,661,125.17,408,2.17,6.00,1.02,1010.14,994.30,835.00,8.67,2.91,1.67,948.33,3.67
0072,277281,1858,10,4,100,1,1000.00,222.81,1608,635,134.76,509,1.87,3.00,1.19,1114.33,935.69,785.00,0.00,0.00,3.00,1028.00,4.00
0073,106581,1852,10,4,100,3,1000.00,262.32,1935,625,138.16,503,1.74,4.00,1.04,1027.50,984.53,899.75,6.00,2.03,3.00,1119.33,2.67
0074,427739,1897,10,2,100,3,1000.00,496.60,2302,378,554.21,1625,3.87,6.00,1.11,1070.39,960.41,829.25,9.00,0.00,0.50,1179.50,1.50
0075,130452,1839,10,7,100,4,1000.00,372.00,1878,310,218.08,734,2.33,3.00,1.28,1161.33,909.25,824.00,7.33,2.08,2.50,991.25,2.25
0076,246524,1890,10,5,100,3,1000.00,206.23,2075,784,72.86,536,1.56,5.00,1.03,1020.86,988.27,895.25,8.00,2.71,2.67,920.33,5.33
0077,310069,1862,10,2,100,2,1000.00,336.83,2337,514,227.12,635,1.80,5.00,1.03,1021.17,988.09,995.50,7.00,0.00,2.50,885.50,4.50
0078,125290,1855,10,3,100,2,1000.00,211.57,1630,641,152.67,416,2.05,5.00,1.06,1037.00,979.19,914.25,7.00,0.00,3.50,859.50,6.00
0079,94555,1886,10,3,100,3,1000.00,374.76,1675,712,111.86,916,2.23,4.00,1.07,1045.36,974.48,760.50,7.33,2.36,2.67,1026.33,2.33
0080,103360,1873,10,4,100,5,1000.00,248.21,1481,511,131.96,740,2.02,1.00,1.17,1101.47,942.92,820.50,5.83,0.91,2.75,1124.75,2.50
0081,141427,1865,10,6,100,5,1000.00,616.09,3573,471,263.76,1171,1.45,4.00,1.03,1016.58,990.67,639.25,5.60,2.28,3.00,925.60,4.80
0082,93940,1858,10,6,100,4,1000.00,359.32,1797,274,141.49,475,1.69,2.00,1.44,1241.81,863.98,611.50,6.67,1.19,3.50,936.00,3.75
0083,104378,1871,10,4,100,5,1000.00,170.79,1715,726,94.51,379,2.30,4.00,1.15,1091.69,948.42,834.25,8.83,3.35,2.75,937.50,2.50
0084,128105,1880,10,5,100,3,1000.00,257.04,1754,746,153.47,868,1.55,3.00,1.01,1007.61,995.72,945.25,8.00,2.52,1.00,972.67,4.33
0085,281902,1823,10,7,100,1,1000.00,237.64,1435,610,268.44,802,5.59,8.00,0.93,957.06,1024.16,1023.50,0.00,0.00,5.00,789.00,2.00
0086,133105,1876,10,2,100,5,1000.00,464.35,1793,312,538.21,1433,4.98,3.00,1.02,1013.39,992.47,1281.00,5.00,0.00,3.50,668.00,2.00
0087,230095,1854,10,4,100,1,1000.00,459.04,2285,334,186.26,638,1.69,2.00,1.81,1401.78,774.00,493.75,0.00,0.00,5.00,1240.00,2.00
0088,174806,1867,10,5,100,1,1000.00,206.08,1329,655,262.15,661,3.80,5.00,1.00,1002.06,998.84,982.75,0.00,0.00,6.00,1012.00,1.00
0089,62360,1859,10,6,100,4,1000.00,143.67,1398,788,110.76,491,1.65,5.00,0.94,959.75,1022.64,1077.00,6.33,1.75,2.00,948.50,6.50
0090,114842,1865,10,6,100,5,1000.00,386.66,1750,423,405.28,1298,4.46,3.00,0.94,962.25,1021.23,1002.75,6.60,2.04,2.80,1063.00,1.80
0091,104086,1875,10,3,100,2,1000.00,390.60,1815,339,178.93,544,2.08,6.00,1.10,1060.42,966.02,720.75,9.00,0.00,2.50,962.00,4.00
0092,192328,1868,10,8,100,4,1000.00,275.45,1688,405,224.46,939,2.68,6.00,1.12,1075.78,957.38,673.00,7.00,1.11,1.50,1138.75,2.00
0093,219936,1885,10,2,100,4,1000.00,448.32,1760,411,542.88,1335,5.22,1.00,0.95,968.72,1017.59,1199.25,2.00,0.00,3.00,1102.00,1.00
0094,237608,1866,10,6,100,1,1000.00,164.78,1277,751,199.79,516,4.17,6.00,1.01,1007.67,995.69,1045.50,0.00,0.00,7.00,1184.00,2.00
0095,165456,1900,10,4,100,2,1000.00,498.57,2151,377,145.74,577,1.67,6.00,1.21,1124.28,930.09,837.00,5.00,0.00,3.50,1356.50,2.00
0096,423502,1862,10,2,100,4,1000.00,154.72,1478,727,64.35,206,1.65,5.00,1.05,1030.56,982.81,918.25,3.00,0.00,4.50,1057.50,3.50
0097,142888,1858,10,8,100,3,1000.00,366.94,1788,452,163.40,670,1.74,7.00,1.14,1087.89,950.56,786.50,10.00,3.20,1.67,1163.67,4.00
0098,87445,1880,10,4,100,3,1000.00,360.52,2359,449,323.32,994,2.81,7.00,0.94,960.19,1022.39,883.00,9.33,2.12,2.00,1112.67,5.00
0099,107815,1895,10,5,100,3,1000.00,484.67,2044,402,351.74,1604,2.12,2.00,1.64,1333.53,812.39,612.25,4.67,1.53,2.00,1610.00,1.00
0100,107692,1913,10,3,100,2,1000.00,232.55,1965,718,60.33,320,1.79,8.00,0.94,963.92,1020.30,1048.25,7.00,0.00,4.50,823.00,9.50
0101,315757,1877,10,2,100,3,1000.00,54.79,1086,896,67.38,190,5.06,5.00,1.03,1016.83,990.53,1015.25,10.00,0.00,4.00,1015.50,0.50
0102,147027,1896,10,8,100,3,1000.00,468.52,2273,357,213.57,866,1.72,7.00,1.10,1064.17,963.91,803.50,8.00,0.58,2.00,1217.00,4.33
0103,93450,1867,10,8,100,3,1000.00,226.53,1646,628,197.78,661,2.25,4.00,1.02,1012.86,992.77,946.75,4.00,1.35,3.00,1062.67,2.00
0104,105421,1890,10,4,100,3,1000.00,360.56,1820,422,175.19,600,1.97,5.00,1.24,1142.00,920.12,771.75,10.00,0.96,3.67,955.00,3.67
0105,128987,1880,10,5,100,3,1000.00,429.50,1818,372,501.04,1380,4.33,5.00,0.96,976.11,1013.44,1002.75,6.00,1.07,2.67,1325.00,1.67
0106,457304,1891,10,3,100,3,1000.00,165.26,1596,820,123.32,736,3.96,6.00,0.97,978.08,1012.33,1043.25,10.67,1.71,1.67,1062.00,2.33
0107,69502,1866,10,5,100,4,1000.00,57.23,1095,895,63.92,175,5.86,3.00,1.00,999.75,1000.14,986.75,7.33,1.29,1.50,1001.00,1.50
0108,306215,1857,10,5,100,1,1000.00,533.02,2293,192,212.01,655,1.80,5.00,1.18,1109.86,938.20,730.00,0.00,0.00,3.00,466.00,5.00
0109,176211,1874,10,3,100,1,1000.00,44.36,1073,913,50.91,150,5.82,7.00,0.99,991.03,1005.05,958.00,0.00,0.00,4.00,1049.00,2.00
0110,81891,1859,10,7,100,3,1000.00,387.60,1675,417,406.94,1193,3.95,4.00,1.06,1035.69,979.92,626.25,6.67,1.50,3.33,986.67,1.67
0111,140892,1844,10,7,100,5,1000.00,289.35,1856,617,235.29,1012,1.69,4.00,1.07,1040.94,976.97,822.25,4.80,1.92,3.20,1312.80,1.20
0112,96458,1864,10,5,100,2,1000.00,450.33,1861,347,498.11,1415,4.13,5.00,1.18,1108.81,938.80,551.50,13.00,0.00,2.50,717.50,3.50
0113,87250,1864,10,7,100,5,1000.00,406.88,1778,436,279.36,1169,2.91,4.00,1.31,1175.94,901.03,748.75,6.40,1.86,4.40,786.60,3.60
0114,90121,1891,10,4,100,3,1000.00,379.97,2014,436,195.49,851,2.20,7.00,1.07,1044.69,974.86,916.50,8.67,2.08,1.33,905.67,3.00
0115,105047,1877,10,3,100,5,1000.00,170.74,1637,775,48.68,191,1.67,7.00,1.00,996.97,1001.70,985.50,8.67,0.58,1.00,948.67,5.33
0116,114604,1865,10,8,100,5,1000.00,302.55,1581,485,134.78,454,2.38,3.00,1.17,1100.47,943.48,864.00,8.20,2.43,2.80,776.00,5.80
0117,114027,1882,10,7,100,2,1000.00,235.82,1347,781,69.04,538,2.40,4.00,1.03,1017.39,990.22,923.75,4.00,0.00,2.00,1069.50,1.50
0118,280115,1881,10,3,100,5,1000.00,515.51,2420,267,544.78,1420,4.93,7.00,0.97,981.92,1010.17,1490.50,5.33,1.02,1.33,666.67,3.00
0119,146052,1856,10,5,100,1,1000.00,295.61,2232,615,243.72,1334,3.83,5.00,0.90,931.11,1038.75,808.50,0.00,0.00,9.00,808.00,4.00
0120,102235,1868,10,4,100,5,1000.00,75.30,1110,862,76.82,221,5.21,5.00,1.01,1004.47,997.48,966.75,7.00,2.69,3.50,984.25,1.25
0121,134726,1863,10,5,100,3,1000.00,116.59,1183,781,133.46,390,5.45,6.00,0.99,993.75,1003.52,1116.50,10.67,3.61,1.00,1110.33,0.67
0122,199527,1883,10,7,100,2,1000.00,277.79,1885,545,171.02,508,1.57,3.00,1.26,1154.81,912.92,753.50,2.00,0.00,4.00,834.50,4.00
0123,69387,1855,10,7,100,2,1000.00,599.52,2616,272,569.17,2153,3.80,5.00,0.85,898.08,1057.33,889.25,9.00,0.00,3.50,951.00,4.50
0124,248085,1870,10,2,100,5,1000.00,650.11,2619,145,253.44,706,1.69,4.00,1.14,1083.67,952.94,738.50,9.00,0.00,0.50,746.00,5.00
0125,181612,1872,10,6,100,2,1000.00,198.06,1898,681,84.39,438,1.89,5.00,1.02,1015.06,991.53,917.75,2.00,0.00,4.00,872.50,6.00
0126,158416,1879,10,7,100,3,1000.00,176.57,1572,719,71.68,239,1.62,4.00,1.10,1062.31,964.95,880.00,8.00,2.17,3.67,918.67,3.67
0127,103595,1856,10,7,100,4,1000.00,235.71,1437,613,296.87,808,3.80,5.00,1.03,1020.83,988.28,988.00,7.50,0.91,0.75,1131.75,1.00
0128,193014,1854,10,2,100,3,1000.00,329.48,1655,505,212.58,958,2.26,2.00,1.10,1060.11,966.19,831.00,3.00,0.00,4.50,1302.50,2.00
0129,95639,1853,10,5,100,2,1000.00,272.15,1875,729,139.17,1118,1.69,6.00,0.90,934.08,1037.08,1106.00,4.00,0.00,6.00,947.00,4.00
0130,75176,1815,10,8,100,5,1000.00,593.88,3219,237,477.48,1673,2.31,6.00,0.87,915.92,1047.30,1289.75,6.00,1.40,2.40,937.40,2.60
0131,63165,1858,10,5,100,5,1000.00,315.06,2331,582,311.13,1401,4.10,3.00,1.11,1068.03,961.73,968.75,7.40,2.85,2.20,839.80,2.40
0132,104408,1871,10,7,100,5,1000.00,305.60,1554,540,348.35,995,6.26,8.00,0.92,946.14,1030.30,1148.75,5.20,2.13,2.40,789.40,2.60
0133,196653,1885,10,5,100,2,1000.00,145.07,1576,779,63.65,280,1.57,3.00,1.17,1101.00,943.19,841.25,6.00,0.00,4.00,994.50,3.00
0134,97762,1869,10,7,100,4,1000.00,294.80,2152,552,157.57,586,1.87,4.00,1.19,1112.69,936.61,761.25,5.83,0.71,1.25,1028.75,3.00
0135,132166,1859,10,7,100,5,1000.00,286.22,1933,474,296.27,788,3.01,6.00,1.08,1049.44,972.19,1045.25,5.80,1.05,0.60,1156.80,2.40
0136,141302,1882,10,7,100,5,1000.00,552.07,2377,381,143.99,521,1.69,7.00,1.07,1045.58,974.36,903.75,7.80,3.01,1.60,674.20,6.20
0137,118525,1846,10,7,100,2,1000.00,516.05,2722,354,412.58,1759,2.69,6.00,0.87,915.56,1047.50,936.75,6.00,0.00,3.00,846.00,2.00
0138,315444,1893,10,2,100,5,1000.00,283.78,1470,351,102.38,285,1.93,4.00,1.28,1161.94,908.91,683.50,5.00,0.00,5.50,558.50,7.00
0139,117672,1856,10,3,100,2,1000.00,239.47,1969,619,166.79,594,1.97,7.00,0.94,958.19,1023.52,1039.00,5.00,0.00,2.50,1052.50,2.00
0140,131948,1881,10,6,100,4,1000.00,563.45,2329,331,187.63,781,1.60,3.00,1.50,1272.06,846.97,565.00,4.17,2.04,3.75,1358.00,1.50
0141,118866,1868,10,8,100,4,1000.00,215.11,1368,630,254.99,701,4.83,3.00,1.01,1003.58,997.98,1019.25,7.83,0.71,2.25,1004.50,1.50
0142,102699,1870,10,4,100,3,1000.00,248.02,1706,843,94.63,784,1.45,6.00,0.96,971.47,1016.05,918.25,6.67,1.39,4.67,913.67,7.33
0143,171763,1859,10,7,100,4,1000.00,283.20,1478,408,102.07,364,1.92,5.00,1.24,1139.19,921.70,692.75,7.50,1.08,1.75,1092.75,2.75
0144,129115,1870,10,2,100,5,1000.00,302.90,1518,549,354.66,907,3.88,2.00,1.01,1007.36,995.86,990.00,13.00,0.00,1.50,1095.00,3.00
0145,119196,1887,10,4,100,5,1000.00,28.40,1046,945,32.61,91,4.32,3.00,1.01,1004.25,997.61,1015.25,7.83,2.27,2.75,987.00,2.25
0146,157975,1879,10,3,100,4,1000.00,175.70,1570,744,148.13,688,2.08,4.50,1.07,1042.75,975.95,927.25,2.67,0.84,5.33,966.00,5.00
0147,193574,1867,10,8,100,2,1000.00,219.76,1744,670,123.04,432,1.83,3.00,1.29,1168.33,905.31,814.50,9.00,0.00,2.50,938.00,3.00
0148,229974,1860,10,2,100,1,1000.00,368.06,1649,419,119.87,373,1.98,5.00,1.17,1100.03,943.73,791.50,0.00,0.00,5.00,1123.00,2.00
0149,389917,1879,10,2,100,3,1000.00,345.27,1639,477,382.71,1088,4.99,5.00,1.12,1070.81,960.17,967.00,6.00,0.00,2.00,497.00,2.00
0150,119113,1878,10,4,100,3,1000.00,341.70,1802,426,284.82,1243,3.70,4.00,1.19,1112.33,936.81,773.75,9.33,2.59,0.67,1244.00,1.33
0151,292204,1887,10,2,100,4,1000.00,234.05,1913,602,103.64,377,1.59,7.00,1.01,1003.81,997.86,961.50,4.00,0.00,6.00,1106.00,2.50
0152,121369,1868,10,6,100,5,1000.00,428.18,2121,589,139.29,704,1.45,4.00,1.11,1070.11,960.56,723.50,6.60,2.45,1.00,1067.80,4.00
0153,165340,1873,10,3,100,5,1000.00,335.91,2684,526,239.64,980,1.85,1.00,1.49,1264.53,851.20,776.50,4.67,1.07,2.67,1096.00,1.67
0154,309437,1881,10,2,100,2,1000.00,204.18,1329,603,233.69,653,4.51,6.00,0.99,992.47,1004.23,944.75,8.00,0.00,5.00,1263.00,0.50
0155,61416,1883,10,4,100,5,1000.00,159.65,1787,891,70.53,846,3.37,6.00,0.95,969.75,1017.02,959.50,7.50,1.87,2.25,979.00,2.50
0156,292203,1869,10,2,100,3,1000.00,438.04,2013,301,186.10,552,1.60,2.00,1.97,1460.42,741.02,420.25,3.00,0.00,1.50,1528.00,1.00
0157,133465,1873,10,4,100,4,1000.00,239.14,2013,693,94.97,395,1.69,7.00,0.97,980.14,1011.17,981.00,7.50,2.04,0.75,1054.75,6.00
0158,117753,1817,10,2,100,3,1000.00,289.50,1494,528,338.10,939,6.18,5.00,1.02,1012.03,993.23,1033.50,5.00,0.00,2.50,1312.50,3.50
0159,107561,1864,10,3,100,2,1000.00,79.36,1115,843,82.51,228,4.69,5.00,0.97,980.61,1010.91,1036.75,2.00,0.00,7.00,1059.00,1.50
0160,64749,1858,10,7,100,2,1000.00,441.14,2330,370,455.75,1469,4.20,4.00,0.90,934.11,1037.06,1420.75,3.00,0.00,2.50,918.50,1.00
0161,80940,1838,10,8,100,5,1000.00,180.68,1946,728,95.19,451,1.62,7.00,0.98,989.08,1006.14,952.50,8.60,1.85,1.00,1000.40,5.00
0162,89393,1811,10,8,100,5,1000.00,249.78,1424,611,286.58,775,4.05,6.00,1.10,1060.06,966.22,868.50,4.20,1.55,3.80,917.20,1.40
0163,98054,1892,10,3,100,3,1000.00,299.16,1590,552,340.55,983,6.06,6.00,0.94,960.50,1022.22,1242.75,6.00,1.64,1.33,730.67,2.67
0164,159001,1875,10,5,100,2,1000.00,14.22,1021,973,16.79,45,4.51,2.00,1.00,1002.00,998.88,995.00,5.00,0.00,2.50,993.00,1.50
0165,167062,1859,10,6,100,2,1000.00,399.09,1754,413,273.43,1179,2.79,5.00,1.45,1249.97,859.39,709.50,3.00,0.00,6.50,1305.00,1.00
0166,494571,1874,10,2,100,4,1000.00,576.23,2337,163,307.07,1047,1.93,3.00,1.16,1096.11,945.94,807.50,5.00,0.00,2.50,612.50,4.50
0167,189644,1877,10,8,100,2,1000.00,322.95,2016,548,170.75,783,1.75,2.00,1.34,1191.94,892.03,700.75,7.00,0.00,4.50,744.50,6.00
0168,76996,1830,10,7,100,5,1000.00,255.56,1829,883,79.32,921,2.72,2.00,1.11,1066.36,962.67,930.00,4.00,0.76,2.60,931.20,2.60
0169,215210,1879,10,3,100,3,1000.00,243.77,1481,479,86.29,374,1.69,2.00,1.26,1151.61,914.72,751.00,8.00,2.27,1.67,958.00,4.33
0170,106749,1872,10,3,100,4,1000.00,50.70,1072,916,55.03,153,4.26,6.00,0.99,994.28,1003.22,996.25,4.00,0.51,5.67,959.33,3.00
0171,107048,1859,10,8,100,5,1000.00,415.16,2320,465,124.97,465,1.80,5.00,1.10,1062.00,965.12,853.25,7.80,2.76,0.60,1039.40,3.80
0172,456765,1859,10,3,100,1,1000.00,276.35,2029,544,176.67,598,1.69,5.00,1.09,1055.94,968.53,819.75,0.00,0.00,6.00,776.00,7.00
0173,120885,1880,10,6,100,4,1000.00,349.53,1600,777,75.11,817,2.84,2.00,1.05,1034.47,980.61,797.25,9.00,1.68,1.50,993.00,4.00
0174,107009,1864,10,2,100,4,1000.00,494.27,2493,343,464.67,2105,2.50,6.00,0.89,928.72,1040.09,1096.50,6.00,0.00,2.00,837.50,3.50
0175,196863,1834,10,6,100,1,1000.00,393.84,1777,360,288.57,1167,3.88,4.00,1.22,1131.67,925.94,625.00,0.00,0.00,3.00,1116.00,1.00
0176,462163,1883,10,2,100,3,1000.00,453.45,2366,327,467.83,1726,5.57,9.00,0.98,984.03,1008.98,1707.50,6.00,0.00,1.00,1077.50,2.50
0177,128442,1876,10,7,100,4,1000.00,300.47,1518,464,342.68,985,4.25,1.00,0.99,996.44,1002.00,1194.25,8.67,3.20,1.50,898.25,2.75
0178,110553,1855,10,8,100,4,1000.00,295.86,2072,534,205.97,659,1.87,4.00,1.23,1135.61,923.72,855.50,4.00,0.82,3.50,921.25,2.75
0179,152252,1864,10,3,100,3,1000.00,555.74,2642,242,423.63,1956,1.69,5.00,1.15,1092.75,947.83,1003.25,8.00,1.90,2.67,1615.33,3.33
0180,210540,1880,10,5,100,2,1000.00,248.15,2026,587,142.01,609,1.52,6.00,1.03,1016.67,990.62,907.50,2.00,0.00,2.00,907.50,6.00
0181,273209,1851,10,4,100,1,1000.00,390.81,2152,452,161.50,458,1.55,2.00,1.81,1401.92,773.92,522.50,0.00,0.00,6.00,610.00,5.00
0182,130144,1878,10,6,100,4,1000.00,772.87,3963,232,434.60,2148,1.60,2.00,2.47,1616.06,653.47,608.50,9.33,1.29,0.00,599.00,4.25
0183,118398,1869,10,5,100,2,1000.00,524.47,2146,308,581.51,1745,4.79,4.00,0.93,950.89,1027.62,760.50,5.00,0.00,2.50,1066.00,2.50
0184,100602,1816,10,7,100,1,1000.00,154.96,1246,723,187.30,491,6.33,6.00,0.95,966.22,1019.00,926.00,0.00,0.00,6.00,1112.00,2.00
0185,140882,1882,10,2,100,3,1000.00,531.57,2033,338,605.59,1695,4.53,5.00,1.11,1067.61,961.97,1676.75,15.00,0.00,0.50,853.00,2.50
0186,200867,1869,10,3,100,2,1000.00,145.68,1276,645,69.08,180,1.95,3.00,1.26,1151.56,914.75,722.00,7.00,0.00,5.50,954.00,3.50
0187,268289,1874,10,2,100,3,1000.00,548.34,2087,295,618.69,1707,4.74,6.00,1.08,1046.78,973.69,1686.75,13.00,0.00,2.50,1090.00,2.50
0188,159311,1860,10,3,100,1,1000.00,261.10,1878,540,206.48,787,2.17,3.00,1.16,1096.08,945.95,791.00,0.00,0.00,3.00,789.00,3.00
0189,192201,1853,10,8,100,2,1000.00,643.99,2952,289,283.54,1166,1.62,3.00,1.75,1377.06,787.91,572.75,10.00,0.00,2.00,967.50,2.50
0190,139796,1860,10,8,100,3,1000.00,304.50,1900,572,213.29,953,2.23,4.00,0.90,930.61,1039.03,1071.00,6.67,1.73,1.33,923.00,6.00
0191,57572,1851,10,7,100,3,1000.00,446.32,2477,362,431.16,1273,3.19,7.00,0.92,947.75,1029.39,1183.75,6.00,0.77,3.67,1501.67,3.00
0192,124044,1868,10,7,100,5,1000.00,263.34,2256,648,130.22,641,2.88,8.00,1.04,1026.67,985.00,1031.75,6.00,1.10,3.00,848.40,5.20
0193,348901,1849,10,2,100,1,1000.00,239.98,2154,695,96.08,629,1.67,4.00,1.07,1046.22,974.00,862.75,0.00,0.00,6.00,1302.00,0.00
0194,84001,1866,10,5,100,5,1000.00,213.65,1737,605,164.88,455,1.79,1.00,1.28,1162.44,908.62,684.00,9.00,1.13,1.60,933.60,4.60
0195,140369,1828,10,6,100,3,1000.00,602.44,2877,220,592.01,2408,1.62,5.00,1.17,1102.86,942.14,948.75,8.67,2.52,2.67,1265.00,5.33
0196,489793,1851,10,2,100,1,1000.00,231.39,1537,537,231.48,626,2.30,2.00,1.18,1108.47,938.98,929.00,0.00,0.00,5.00,823.00,5.00
0197,107719,1861,10,7,100,4,1000.00,487.85,1932,350,553.44,1545,4.98,5.00,0.99,996.44,1002.00,490.75,7.50,2.68,2.75,681.25,1.50
0198,113345,1871,10,5,100,3,1000.00,111.28,1202,823,135.84,362,4.07,5.00,0.98,986.31,1007.70,975.00,6.00,0.84,3.33,1091.67,1.33
0199,169611,1881,10,6,100,4,1000.00,355.19,1662,359,131.81,463,1.77,4.00,1.17,1102.39,942.41,722.75,5.50,1.08,4.25,841.25,4.75
0200,108337,1907,10,7,100,4,1000.00,315.50,2125,440,273.66,750,2.86,8.00,1.01,1005.22,997.06,1027.75,7.67,2.06,4.00,1280.00,1.50
0201,257228,1866,10,4,100,1,1000.00,251.33,1990,597,130.37,517,2.23,9.00,1.00,997.03,1001.67,1102.25,0.00,0.00,5.00,850.00,5.00
0202,278074,1892,10,5,100,2,1000.00,467.96,1913,159,160.95,510,2.08,7.00,1.07,1045.28,974.53,792.50,7.00,0.00,3.50,1098.50,4.50
0203,165685,1876,10,2,100,4,1000.00,396.93,2419,454,433.96,1320,4.43,7.00,0.97,980.94,1010.72,747.75,2.00,0.00,1.00,829.50,3.00
0204,232993,1884,10,4,100,1,1000.00,185.85,1692,739,107.96,563,3.49,3.00,1.12,1075.47,957.55,859.25,0.00,0.00,6.00,859.00,4.00
0205,160579,1878,10,3,100,4,1000.00,489.31,1899,350,570.98,1539,5.27,5.00,0.97,982.22,1010.00,1126.50,6.00,1.84,4.33,1048.33,2.00
0206,109931,1880,10,5,100,5,1000.00,61.15,1083,879,65.81,202,5.07,4.00,0.99,996.00,1002.25,1061.50,5.40,1.05,1.60,1000.20,1.20
0207,136688,1874,10,6,100,3,1000.00,472.68,2432,452,364.61,1842,1.69,6.00,0.89,927.97,1040.52,673.00,4.67,0.19,2.00,654.33,4.33
0208,310756,1865,10,2,100,3,1000.00,313.50,1602,476,332.18,1098,5.59,6.00,0.96,971.31,1016.14,955.50,1.00,0.00,3.50,872.00,2.50
0209,82877,1863,10,6,100,3,1000.00,257.70,1442,508,314.69,880,4.63,6.00,1.04,1023.56,986.75,1034.25,3.33,1.26,5.33,1163.00,0.67
0210,232804,1889,10,3,100,1,1000.00,137.03,1314,694,101.96,317,2.78,4.00,1.15,1088.25,950.36,801.00,0.00,0.00,5.00,1063.00,1.00
0211,82081,1881,10,3,100,5,1000.00,281.10,2049,479,203.38,910,4.15,3.00,1.12,1072.78,959.06,976.75,3.33,0.51,4.33,1133.33,1.67
0212,128867,1893,10,3,100,3,1000.00,242.27,1719,618,236.16,1023,4.35,7.00,0.96,972.83,1015.28,911.75,11.33,3.02,2.33,1077.00,2.67
0213,88608,1893,10,5,100,3,1000.00,197.82,1915,702,136.01,431,2.00,7.00,0.95,966.50,1018.84,992.00,10.67,1.90,1.33,1153.33,4.67
0214,439883,1886,10,2,100,3,1000.00,229.45,1735,628,238.73,1006,5.74,8.00,0.97,980.61,1010.91,1027.25,8.00,0.00,1.00,1024.50,3.50
0215,121159,1882,10,6,100,5,1000.00,397.46,2039,624,128.08,619,1.80,3.00,1.31,1180.61,898.41,845.00,9.00,1.66,0.40,887.60,4.20
0216,179447,1880,10,2,100,1,1000.00,590.82,2490,285,453.84,2033,1.97,4.00,0.98,989.36,1005.98,760.00,0.00,0.00,8.00,1192.00,10.00
0217,222635,1815,10,8,100,1,1000.00,226.25,2042,677,129.61,545,1.50,1.00,1.33,1191.28,892.41,798.75,0.00,0.00,8.00,804.00,5.00
0218,104020,1854,10,8,100,2,1000.00,548.77,2413,226,514.05,1877,2.36,2.00,0.95,967.31,1018.39,1134.25,4.00,0.00,6.00,890.00,6.00
0219,309128,1878,10,2,100,3,1000.00,345.62,1634,495,388.14,1063,4.38,4.00,1.06,1037.22,979.06,970.25,4.00,0.00,4.00,1528.50,0.50
0220,102040,1854,10,7,100,4,1000.00,697.41,2909,247,282.49,961,1.57,3.00,1.60,1314.67,823.00,741.00,5.50,0.71,2.25,1224.25,1.75
0221,110714,1845,10,6,100,4,1000.00,718.92,3098,181,309.39,1079,1.60,8.00,0.98,988.08,1006.70,1032.75,2.83,0.91,1.75,1490.50,2.75
0222,233678,1861,10,2,100,2,1000.00,447.15,2611,419,201.52,900,1.80,7.00,1.06,1039.06,978.03,891.25,3.00,0.00,4.50,707.50,7.50
0223,166468,1878,10,3,100,4,1000.00,230.65,2163,694,157.57,804,1.69,5.00,1.03,1019.28,989.16,858.50,6.67,0.77,2.67,841.00,5.67
0224,94547,1863,10,3,100,5,1000.00,221.51,1645,569,166.33,716,2.38,3.00,1.14,1083.42,953.08,795.50,6.67,1.90,5.00,997.67,3.67
0225,104001,1848,10,7,100,3,1000.00,148.15,1269,716,160.86,475,4.36,2.00,1.04,1024.89,986.00,1081.00,2.67,0.51,5.00,1027.00,2.33
0226,187138,1874,10,3,100,5,1000.00,507.04,2061,284,576.62,1697,4.71,9.00,1.09,1052.86,970.27,1073.00,6.00,1.20,2.00,1004.67,2.67
0227,295933,1890,10,2,100,2,1000.00,73.06,1117,869,92.25,241,5.49,3.00,0.99,995.83,1002.34,978.00,9.00,0.00,1.50,988.50,3.00
0228,71111,1820,10,7,100,3,1000.00,468.37,1872,321,567.07,1487,3.26,2.00,1.29,1169.50,904.66,755.50,6.67,0.51,5.33,465.67,2.67
0229,96433,1875,10,4,100,3,1000.00,371.59,1676,314,105.92,301,1.88,5.00,1.13,1077.61,956.34,837.50,4.00,1.39,4.33,771.00,6.33
0230,76664,1842,10,6,100,4,1000.00,201.99,1426,481,121.48,536,2.38,3.00,1.23,1136.00,923.50,684.25,8.67,1.96,1.00,893.75,3.25
0231,157165,1878,10,5,100,2,1000.00,603.88,2768,276,544.65,2057,3.21,8.00,0.93,951.31,1027.39,984.25,6.00,0.00,5.00,1333.00,1.50
0232,148479,1860,10,8,100,3,1000.00,313.46,2611,590,139.18,853,1.55,7.00,0.97,978.25,1012.23,919.50,3.33,1.26,3.33,1225.33,1.67
0233,140881,1837,10,8,100,2,1000.00,134.54,1601,927,61.68,639,3.74,5.00,0.98,986.08,1007.83,960.50,4.00,0.00,2.00,964.50,2.00
0234,129546,1867,10,7,100,2,1000.00,623.20,3917,277,367.02,1993,2.93,4.00,1.06,1040.47,977.23,598.25,6.00,0.00,5.00,809.00,3.00
0235,228676,1879,10,4,100,3,1000.00,460.97,1898,371,533.19,1500,4.58,5.00,0.99,995.61,1002.47,965.50,4.67,1.84,3.67,918.67,1.33
0236,120158,1877,10,3,100,5,1000.00,254.78,1618,544,225.77,635,2.42,4.00,1.15,1091.83,948.34,896.75,5.33,1.26,6.33,682.00,6.33
0237,121331,1873,10,5,100,3,1000.00,443.11,3260,419,270.28,1293,1.97,6.00,1.05,1029.72,983.28,737.00,10.00,1.84,1.67,1174.67,3.33
0238,56293,1845,10,7,100,4,1000.00,662.62,4948,398,391.36,2650,1.70,6.00,0.80,859.89,1078.81,885.25,6.33,1.35,2.50,737.25,6.00
0239,171960,1887,10,5,100,2,1000.00,442.46,2127,276,475.98,1432,3.01,5.00,1.01,1004.14,997.67,975.75,16.00,0.00,1.00,1018.50,4.50
0240,357207,1840,10,5,100,1,1000.00,453.22,2272,357,389.21,1630,3.07,6.00,0.94,957.78,1023.75,1029.75,0.00,0.00,7.00,1404.00,8.00
0241,284328,1833,10,6,100,1,1000.00,335.39,2243,510,160.36,646,1.98,4.00,1.04,1022.25,987.48,893.50,0.00,0.00,3.00,1597.00,0.00
0242,293827,1883,10,2,100,3,1000.00,211.99,1939,659,125.88,618,1.57,4.00,1.06,1036.11,979.69,910.25,9.00,0.00,3.50,816.50,8.50
0243,220391,1880,10,3,100,3,1000.00,345.49,1613,348,320.08,1000,3.45,4.00,1.14,1085.47,951.92,803.75,8.00,2.34,3.33,457.00,4.67
0244,325625,1857,10,2,100,1,1000.00,184.04,1291,674,223.04,598,4.20,5.00,0.98,989.69,1005.80,959.75,0.00,0.00,1.00,1239.00,3.00
0245,141507,1839,10,7,100,2,1000.00,349.91,1701,430,418.98,1271,4.94,3.00,1.04,1028.19,984.14,745.50,9.00,0.00,1.50,961.50,2.50
0246,120899,1840,10,6,100,2,1000.00,171.51,2059,703,102.37,736,2.56,5.00,1.11,1068.14,961.67,865.25,6.00,0.00,5.00,1013.00,3.50
0247,90221,1886,10,5,100,5,1000.00,179.07,1586,719,96.08,485,5.04,6.00,0.99,991.72,1004.66,928.00,6.00,2.71,3.40,933.00,5.20
0248,119632,1848,10,7,100,5,1000.00,726.40,2730,201,470.38,2474,2.61,2.00,1.02,1011.06,993.78,777.00,7.00,1.88,3.20,1477.80,1.60
0249,214122,1881,10,3,100,1,1000.00,442.46,1946,389,510.41,1421,5.44,9.00,0.91,940.67,1033.38,1123.00,0.00,0.00,5.00,1134.00,3.00
0250,118624,1865,10,3,100,3,1000.00,549.71,2119,308,341.33,1395,2.56,5.00,1.21,1126.06,929.09,493.00,7.33,1.02,2.67,756.33,3.67
0251,139377,1879,10,3,100,5,1000.00,456.64,1999,214,362.36,1565,2.94,4.00,1.27,1155.28,912.66,838.75,8.67,2.91,3.33,1010.33,3.33
0252,80301,1844,10,6,100,3,1000.00,187.19,1318,692,219.14,574,4.74,7.00,1.03,1016.86,990.52,1016.00,6.67,0.51,1.33,1176.33,1.00
0253,135153,1834,10,8,100,2,1000.00,279.83,1934,526,277.92,803,2.46,3.00,1.20,1121.11,931.88,879.75,4.00,0.00,5.00,766.00,3.00
0254,141875,1871,10,6,100,5,1000.00,112.71,1209,812,130.80,386,4.88,7.00,0.99,994.44,1003.12,879.50,5.40,1.40,0.80,1054.00,1.40
0255,127046,1853,10,6,100,1,1000.00,21.13,1035,959,24.84,74,5.16,4.00,1.00,997.61,1001.34,993.50,0.00,0.00,7.00,997.00,1.00
0256,305026,1873,10,2,100,3,1000.00,263.37,2045,548,165.07,528,1.72,4.00,1.22,1128.50,927.72,767.00,8.00,0.00,3.00,884.00,5.00
0257,74501,1853,10,7,100,3,1000.00,306.02,2487,662,119.24,874,2.45,9.00,1.16,1096.83,945.53,1188.50,9.33,2.83,2.00,1007.33,3.00
0258,115061,1863,10,3,100,3,1000.00,564.61,2169,278,603.78,1720,4.99,6.00,0.98,987.19,1007.20,1232.25,5.33,1.07,4.33,1229.67,1.33
0259,122080,1892,10,2,100,5,1000.00,188.31,1644,704,95.02,311,1.52,2.00,1.25,1146.47,917.61,811.50,8.00,0.00,4.00,999.50,4.00
0260,115478,1872,10,3,100,1,1000.00,392.37,2271,418,300.97,1173,2.38,7.00,0.98,984.83,1008.53,765.25,0.00,0.00,4.00,1092.00,1.00
0261,261348,1845,10,8,100,1,1000.00,574.14,2850,302,251.27,821,1.69,9.00,0.83,881.78,1066.50,1222.00,0.00,0.00,5.00,491.00,10.00
0262,125468,1892,10,4,100,4,1000.00,149.60,1544,792,55.03,264,1.69,4.00,1.06,1038.06,978.59,886.75,4.83,1.93,3.25,1236.25,1.00
0263,256231,1855,10,5,100,1,1000.00,329.89,1627,369,125.23,456,1.55,2.00,1.50,1271.72,847.16,566.25,0.00,0.00,7.00,854.00,4.00
0264,177709,1853,10,8,100,2,1000.00,326.66,1655,511,363.46,1098,4.76,7.00,0.98,985.25,1008.30,1372.00,6.00,0.00,4.00,782.00,1.50
0265,137820,1869,10,5,100,2,1000.00,343.10,1987,478,365.92,1336,1.62,3.00,1.26,1151.78,914.62,905.00,6.00,0.00,5.00,1048.00,3.00
0266,436934,1892,10,2,100,4,1000.00,171.82,1703,721,88.37,406,1.90,2.00,1.28,1163.25,908.17,791.25,7.00,0.00,2.50,913.50,3.00
0267,233060,1896,10,3,100,2,1000.00,542.37,2203,292,608.78,1884,4.79,2.00,0.95,966.25,1018.98,1011.00,3.00,0.00,2.50,1306.50,1.00
0268,278796,1880,10,3,100,2,1000.00,56.64,1092,877,68.06,205,4.25,4.00,1.00,997.31,1001.52,940.50,5.00,0.00,4.50,966.00,2.50
0269,93922,1837,10,6,100,3,1000.00,499.06,2207,395,331.10,1629,2.05,4.00,1.01,1007.58,995.73,978.50,7.33,0.67,3.00,1006.67,2.67
0270,261599,1854,10,6,100,1,1000.00,359.82,1822,329,194.88,664,2.13,5.00,1.23,1135.25,923.92,694.50,0.00,0.00,1.00,1126.00,1.00
0271,114086,1866,10,5,100,5,1000.00,77.88,1137,866,91.55,264,4.23,6.00,1.00,998.94,1000.59,1028.50,6.00,1.28,2.20,985.00,1.80
0272,87957,1881,10,5,100,5,1000.00,44.19,1072,914,51.31,144,5.57,2.00,1.00,998.69,1000.73,976.25,6.80,1.87,1.80,997.20,1.40
0273,91068,1868,10,7,100,5,1000.00,193.90,1302,677,241.90,616,5.47,4.00,0.95,969.14,1017.36,1034.50,5.60,1.68,2.60,1021.60,1.80
0274,473945,1863,10,2,100,1,1000.00,571.80,2532,288,494.90,1856,2.13,7.00,0.92,948.69,1028.86,1137.25,0.00,0.00,6.00,371.00,10.00
0275,183783,1880,10,5,100,2,1000.00,200.16,1558,693,81.40,360,1.75,4.00,1.11,1067.08,962.27,850.75,2.00,0.00,8.00,701.50,10.00
0276,291502,1829,10,8,100,1,1000.00,478.60,2288,265,449.61,1677,3.64,7.00,0.97,979.67,1011.44,879.50,0.00,0.00,6.00,529.00,6.00
0277,483693,1877,10,2,100,3,1000.00,287.71,1493,519,298.58,906,4.63,6.00,1.03,1017.89,989.94,1095.75,7.00,0.00,2.50,813.00,1.50
0278,143159,1864,10,5,100,5,1000.00,258.41,2076,592,146.78,634,1.77,2.00,1.28,1163.67,907.94,760.75,6.40,2.43,3.00,970.00,4.40
0279,274743,1828,10,8,100,1,1000.00,290.89,1805,498,205.36,669,2.56,6.00,1.20,1117.58,933.86,730.25,0.00,0.00,6.00,1441.00,0.00
0280,108006,1876,10,3,100,2,1000.00,305.68,1945,579,295.57,816,5.49,8.00,0.95,966.83,1018.66,1118.00,9.00,0.00,4.50,861.50,2.50
0281,191731,1858,10,2,100,4,1000.00,594.18,2385,218,229.04,719,1.60,6.00,1.20,1118.89,933.12,661.00,8.00,0.00,4.00,1480.00,2.00
0282,195648,1873,10,2,100,5,1000.00,249.66,1728,546,185.91,673,2.10,4.00,1.10,1062.58,964.80,873.75,7.00,0.00,0.50,744.00,3.00
0283,274430,1840,10,3,100,1,1000.00,317.46,1733,602,229.49,906,2.48,5.00,0.93,954.22,1025.75,1159.25,0.00,0.00,6.00,644.00,4.00
0284,187519,1911,10,3,100,1,1000.00,395.55,1719,423,469.60,1181,4.35,4.00,0.94,959.03,1023.05,854.00,0.00,0.00,7.00,764.00,4.00
0285,193645,1897,10,3,100,2,1000.00,278.42,1829,564,138.70,412,1.88,8.00,0.99,995.75,1002.39,999.50,14.00,0.00,1.00,816.50,6.50
0286,117020,1901,10,5,100,4,1000.00,420.75,2497,523,133.92,591,2.18,8.00,0.88,916.81,1046.80,1072.00,4.67,1.89,1.00,992.00,4.75
0287,115505,1896,10,6,100,4,1000.00,127.72,1504,781,82.21,342,1.70,4.00,1.08,1049.06,972.41,933.75,8.17,3.07,3.75,1051.75,3.25
0288,111605,1866,10,7,100,2,1000.00,287.98,1511,540,308.42,880,4.88,4.00,0.96,972.53,1015.45,733.75,5.00,0.00,5.50,770.00,2.00
0289,171817,1837,10,8,100,1,1000.00,267.45,1501,414,117.12,553,2.71,8.00,1.13,1081.86,953.95,799.00,0.00,0.00,8.00,1501.00,0.00
0290,93821,1869,10,4,100,3,1000.00,205.65,1308,624,246.06,668,4.86,6.00,0.97,980.89,1010.75,1106.75,6.67,1.33,1.33,972.00,2.33
0291,222580,1868,10,3,100,1,1000.00,485.09,2206,235,402.23,1236,2.15,2.00,1.78,1391.44,779.81,593.50,0.00,0.00,7.00,998.00,3.00
0292,483207,1882,10,2,100,2,1000.00,448.29,1930,343,540.09,1511,4.25,4.00,0.94,963.97,1020.27,803.25,5.00,0.00,5.50,410.00,1.00
0293,154200,1890,10,7,100,2,1000.00,251.55,1495,589,73.42,256,1.60,6.00,1.07,1043.81,975.36,854.75,5.00,0.00,6.50,958.00,3.50
0294,144429,1893,10,3,100,3,1000.00,330.41,2465,669,158.40,974,1.59,4.00,1.00,998.44,1000.88,865.75,6.00,0.77,3.67,937.00,4.67
0295,175267,1889,10,7,100,2,1000.00,269.45,1679,510,145.49,448,2.61,8.00,1.00,997.97,1001.14,990.00,6.00,0.00,5.00,1361.50,0.00
0296,176937,1854,10,7,100,2,1000.00,403.35,1769,435,444.88,1311,4.35,5.00,0.97,983.78,1009.12,990.00,4.00,0.00,5.00,932.50,1.50
0297,220265,1868,10,2,100,5,1000.00,212.13,1655,635,103.57,328,1.74,5.00,1.07,1041.94,976.41,909.25,1.00,0.00,5.50,1129.00,1.50
0298,125675,1841,10,8,100,2,1000.00,208.57,1351,624,227.02,711,5.64,6.00,0.90,934.92,1036.61,853.00,5.00,0.00,1.50,996.00,2.50
0299,100619,1875,10,4,100,2,1000.00,245.61,1825,596,206.27,588,2.33,7.00,0.99,994.81,1002.92,1073.00,5.00,0.00,4.50,929.50,4.50
0300,143188,1866,10,2,100,5,1000.00,365.09,1690,439,435.44,1105,4.05,7.00,1.09,1056.61,968.16,1166.75,4.00,0.00,7.00,999.50,2.00
0301,108526,1877,10,5,100,5,1000.00,415.97,1791,378,535.61,1368,4.17,2.00,1.05,1031.42,982.33,721.75,7.20,0.88,2.40,1137.00,1.60
0302,422907,1866,10,2,100,1,1000.00,173.83,1311,751,202.77,555,3.59,2.00,1.04,1026.97,984.83,997.25,0.00,0.00,5.00,939.00,3.00
0303,107481,1864,10,3,100,4,1000.00,471.02,2174,445,227.73,778,1.79,5.00,1.26,1150.39,915.41,717.75,6.67,1.84,1.33,1380.33,2.33
0304,100199,1871,10,5,100,2,1000.00,562.96,2039,281,609.44,1749,4.84,8.00,1.07,1042.53,976.08,890.25,10.00,0.00,2.00,711.50,1.00
0305,88782,1881,10,4,100,5,1000.00,229.31,1499,717,163.14,728,2.20,2.00,1.22,1128.97,927.45,879.75,2.67,1.03,5.00,817.25,4.00
0306,161097,1898,10,7,100,3,1000.00,383.11,2094,485,167.50,587,1.77,5.00,1.03,1015.89,991.06,753.25,6.67,2.52,1.67,682.33,5.00
0307,280521,1842,10,2,100,4,1000.00,529.57,1955,270,618.62,1606,3.40,3.00,1.16,1095.19,946.45,802.00,3.00,0.00,4.50,1323.50,0.50
0308,123498,1861,10,2,100,3,1000.00,623.51,3520,615,191.19,1324,1.55,4.00,1.05,1033.36,981.23,711.75,4.00,0.00,6.00,1876.50,1.50
0309,273495,1859,10,2,100,1,1000.00,261.54,2012,618,153.59,510,1.70,8.00,1.02,1012.81,992.80,1027.50,0.00,0.00,8.00,944.00,6.00
0310,178943,1882,10,3,100,5,1000.00,285.60,1333,685,77.56,641,3.49,3.00,1.15,1088.31,950.33,863.25,6.00,1.33,2.33,1085.33,2.33
0311,80740,1852,10,5,100,2,1000.00,430.27,3178,521,242.62,1101,3.85,8.00,0.87,913.58,1048.61,1183.50,12.00,0.00,2.00,1685.50,1.50
0312,159364,1865,10,5,100,2,1000.00,76.71,1117,862,87.48,243,4.20,7.00,1.01,1007.06,996.03,998.00,2.00,0.00,3.00,1009.50,2.00
0313,106673,1874,10,5,100,3,1000.00,542.77,2067,319,655.62,1744,4.30,6.00,1.11,1065.56,963.12,1146.25,8.00,0.88,3.00,1500.33,1.00
0314,115212,1887,10,4,100,3,1000.00,200.62,1854,721,79.88,477,1.45,4.00,1.08,1047.69,973.17,880.00,5.33,0.84,4.33,1125.67,2.33
0315,174184,1840,10,6,100,1,1000.00,587.04,2409,193,390.07,1792,2.51,8.00,1.05,1032.92,981.48,781.50,0.00,0.00,7.00,1356.00,1.00
0316,364461,1832,10,8,100,1,1000.00,288.45,1899,670,92.72,591,1.64,7.00,1.07,1043.75,975.39,893.25,0.00,0.00,6.00,777.00,10.00
0317,117887,1877,10,2,100,4,1000.00,249.67,1455,621,313.38,803,4.99,5.00,0.92,950.06,1028.09,957.50,17.00,0.00,0.50,796.00,1.50
0318,59575,1880,10,6,100,3,1000.00,386.61,2206,449,307.03,1205,4.05,5.00,1.03,1020.19,988.64,1217.25,8.00,1.45,4.00,556.67,3.67
0319,112436,1863,10,8,100,5,1000.00,151.18,1239,732,162.97,480,4.48,4.00,0.97,983.11,1009.50,946.00,6.00,2.10,2.80,983.60,1.20
0320,187994,1875,10,7,100,3,1000.00,148.49,1467,693,103.48,314,3.02,2.00,1.18,1108.36,939.05,811.00,6.00,1.68,1.33,1091.67,0.67
0321,285197,1855,10,5,100,1,1000.00,290.82,1976,473,142.02,689,1.69,3.00,1.19,1112.50,936.72,776.75,0.00,0.00,4.00,1269.00,2.00
0322,107432,1853,10,6,100,3,1000.00,408.70,1847,418,434.99,1364,5.01,4.00,0.92,947.56,1029.50,923.50,9.33,2.83,1.33,1497.33,0.67
0323,421446,1879,10,2,100,4,1000.00,520.76,2459,229,389.19,1135,1.72,6.00,0.93,956.47,1024.48,1014.25,8.00,0.00,2.00,1761.00,2.50
0324,113584,1870,10,6,100,4,1000.00,309.84,1713,585,206.51,1046,2.86,4.00,0.98,987.36,1007.11,1131.00,4.17,1.65,2.25,1033.50,3.00
0325,227009,1846,10,3,100,1,1000.00,452.49,1958,232,141.44,724,2.48,6.00,1.13,1078.19,956.02,787.50,0.00,0.00,4.00,1736.00,0.00
0326,169432,1900,10,4,100,3,1000.00,598.73,2680,282,309.59,1590,2.48,7.00,0.96,973.81,1014.73,1154.50,8.67,2.91,2.33,516.00,5.67
0327,243399,1867,10,6,100,1,1000.00,305.66,1733,425,254.80,1172,1.98,5.00,1.13,1080.11,954.94,896.00,0.00,0.00,7.00,463.00,2.00
0328,99025,1870,10,5,100,4,1000.00,307.57,1858,558,194.39,601,1.90,7.00,1.13,1077.97,956.14,911.75,8.83,2.29,1.75,1084.25,3.50
0329,138269,1868,10,3,100,5,1000.00,293.47,1744,663,194.51,975,2.18,4.00,1.03,1020.67,988.38,896.00,6.67,1.07,2.33,1292.67,2.00
0330,355557,1881,10,2,100,5,1000.00,286.84,1971,562,283.19,1158,3.60,3.00,1.03,1016.11,990.94,970.25,6.00,0.00,1.00,892.00,1.50
0331,305447,1871,10,7,100,1,1000.00,366.88,1861,289,187.99,558,1.98,3.00,1.36,1203.81,885.36,622.25,0.00,0.00,3.00,917.00,3.00
0332,256504,1893,10,4,100,2,1000.00,164.00,1584,642,77.32,398,1.62,5.00,1.17,1100.94,943.22,758.00,8.00,0.00,5.00,936.50,4.00
0333,524597,1918,10,2,100,5,1000.00,695.72,2993,242,300.04,1392,1.60,5.00,1.13,1078.83,955.66,706.00,4.00,0.00,4.00,370.50,7.00
0334,194055,1905,10,5,100,2,1000.00,212.84,1374,653,255.80,693,5.12,1.00,0.97,980.92,1010.73,1047.00,7.00,0.00,2.50,1001.00,2.00
0335,121051,1878,10,8,100,4,1000.00,348.24,2358,458,224.04,979,3.04,9.00,0.88,916.92,1046.73,1218.50,8.33,1.35,2.50,1167.75,3.00
0336,241036,1907,10,4,100,1,1000.00,670.71,3994,244,401.18,2037,1.55,2.00,1.94,1450.83,746.41,556.75,0.00,0.00,8.00,734.00,5.00
0337,183675,1915,10,5,100,1,1000.00,436.83,2028,368,387.73,1313,2.66,5.00,0.96,974.17,1014.53,1058.25,0.00,0.00,5.00,1847.00,0.00
0338,95281,1867,10,7,100,3,1000.00,41.11,1070,927,46.84,131,5.10,2.00,0.99,994.69,1002.98,1020.25,8.00,3.10,3.33,1004.00,2.33
0339,88906,1881,10,5,100,3,1000.00,414.09,1694,377,460.61,1289,5.19,3.00,1.02,1011.58,993.48,862.75,4.67,1.84,3.67,765.00,2.67
0340,225556,1884,10,2,100,3,1000.00,571.20,2396,261,405.99,1363,1.88,1.00,1.44,1241.25,864.30,723.50,7.00,0.00,4.50,1179.00,3.50
0341,130523,1876,10,7,100,2,1000.00,282.02,2140,523,232.32,870,1.97,5.00,1.10,1062.64,964.77,785.00,10.00,0.00,1.00,828.00,4.00
0342,228253,1852,10,5,100,1,1000.00,574.40,2258,298,596.78,1870,6.12,1.00,0.87,914.08,1048.33,1629.00,0.00,0.00,5.00,1592.00,3.00
0343,94434,1886,10,4,100,2,1000.00,173.02,1923,767,88.62,419,3.07,9.00,0.92,944.47,1031.23,1138.75,6.00,0.00,2.00,944.50,3.50
0344,135064,1898,10,7,100,3,1000.00,250.91,2048,594,125.29,463,1.62,3.00,1.21,1122.50,931.09,738.25,2.67,0.77,2.33,1480.33,0.67
0345,192980,1901,10,5,100,2,1000.00,113.05,1532,871,34.36,277,1.55,5.00,1.03,1018.94,989.34,939.25,3.00,0.00,4.50,922.00,7.50
0346,167558,1859,10,8,100,1,1000.00,264.12,1521,579,287.64,835,4.18,5.00,0.96,971.00,1016.31,913.25,0.00,0.00,3.00,702.00,1.00
0347,85099,1883,10,6,100,3,1000.00,217.68,2317,711,133.19,1061,7.04,8.00,0.96,971.42,1016.08,1147.25,6.67,2.00,2.33,985.67,1.67
0348,115954,1912,10,5,100,3,1000.00,381.16,1726,262,155.88,616,2.48,6.00,1.16,1099.56,944.00,655.50,9.33,0.77,2.67,973.67,4.33
0349,133489,1897,10,8,100,5,1000.00,172.46,1292,650,187.70,568,3.42,5.00,1.05,1031.86,982.08,816.25,6.00,1.78,1.80,1073.60,1.00
0350,123056,1879,10,8,100,5,1000.00,195.13,1334,688,229.43,635,4.73,3.00,0.93,956.42,1024.52,999.00,5.20,1.32,2.80,1000.60,2.20
0351,134413,1903,10,4,100,4,1000.00,252.33,1714,667,211.15,971,1.45,4.00,0.97,981.42,1010.45,828.00,6.67,2.36,2.00,1056.25,2.50
0352,100522,1858,10,8,100,3,1000.00,323.02,2222,432,235.29,886,2.91,2.00,1.35,1201.08,886.89,584.75,5.33,1.95,3.67,1057.00,1.67
0353,81812,1877,10,5,100,5,1000.00,361.49,1872,493,277.88,855,2.12,4.00,0.97,982.56,1009.81,989.25,6.80,1.42,4.00,1230.80,2.40
0354,99052,1824,10,8,100,3,1000.00,427.85,2237,513,224.69,1637,2.91,5.00,1.00,1000.06,999.97,783.25,7.33,0.88,1.00,1131.33,2.33
0355,133809,1854,10,8,100,3,1000.00,441.25,2272,340,209.42,679,1.69,4.00,1.15,1088.36,950.30,787.75,7.33,1.17,0.67,1154.00,3.00
0356,195754,1869,10,3,100,5,1000.00,407.26,2793,545,220.64,942,2.10,8.00,1.02,1009.72,994.53,1009.75,6.00,1.84,0.67,924.67,3.00
0357,102475,1837,10,6,100,2,1000.00,178.89,1682,757,58.95,300,1.67,5.00,1.01,1009.31,994.77,894.00,7.00,0.00,4.50,864.50,7.00
0358,75822,1869,10,6,100,4,1000.00,194.76,1639,584,114.06,844,2.83,4.00,1.11,1069.94,960.66,835.75,9.50,1.08,1.25,984.00,4.00
0359,479113,1898,10,2,100,5,1000.00,241.42,1463,597,57.12,156,1.57,7.00,1.07,1042.44,976.12,885.25,3.00,0.00,2.50,975.00,4.50
0360,76538,1842,10,6,100,4,1000.00,439.13,2078,492,154.34,586,1.60,8.00,0.98,983.92,1009.05,982.25,5.33,2.38,1.50,1235.50,4.00
0361,309952,1859,10,2,100,4,1000.00,407.65,1943,527,209.03,1130,2.00,7.00,0.96,974.56,1014.31,970.50,4.00,0.00,4.00,632.00,6.00
0362,106180,1874,10,4,100,4,1000.00,549.67,3338,345,507.52,2869,2.99,3.00,1.16,1099.11,944.25,705.75,8.33,3.30,1.00,1074.50,1.75
0363,150645,1901,10,5,100,4,1000.00,207.63,1978,619,124.77,502,2.02,8.00,1.00,1001.39,999.22,999.75,6.17,2.72,2.75,836.50,6.00
0364,132262,1883,10,3,100,3,1000.00,217.24,1614,606,128.04,397,1.55,3.00,1.15,1092.14,948.17,790.75,6.00,0.77,2.67,999.33,4.33
0365,173197,1882,10,7,100,2,1000.00,279.75,2502,798,112.52,859,1.60,8.00,0.88,917.33,1046.50,1244.25,13.00,0.00,1.50,1662.50,5.00
0366,234900,1916,10,3,100,1,1000.00,126.62,1467,771,65.74,234,1.69,1.00,1.20,1117.89,933.69,869.00,0.00,0.00,9.00,815.00,6.00
0367,193121,1876,10,4,100,1,1000.00,250.37,1923,644,127.93,561,2.91,2.00,1.33,1187.14,894.73,790.50,0.00,0.00,2.00,1054.00,2.00
0368,89249,1880,10,3,100,3,1000.00,194.39,1345,684,214.65,645,4.99,3.00,1.01,1003.42,998.08,825.25,10.00,2.00,2.00,1114.67,2.67
0369,131639,1859,10,8,100,3,1000.00,457.35,1943,355,569.49,1465,5.16,8.00,0.91,940.78,1033.31,945.25,6.67,2.22,3.67,1006.00,1.33
0370,522365,1857,10,2,100,5,1000.00,635.96,3620,278,631.29,2813,4.55,7.00,1.04,1025.08,985.89,911.75,2.00,0.00,6.00,679.00,1.00
0371,217888,1823,10,8,100,1,1000.00,316.44,1694,564,211.27,1061,2.38,4.00,1.13,1078.19,956.02,909.25,0.00,0.00,6.00,1055.00,2.00
0372,88182,1862,10,7,100,5,1000.00,405.11,1919,420,462.82,1446,4.33,3.00,1.02,1010.06,994.34,825.75,8.80,1.98,0.80,966.60,1.80
0373,236494,1822,10,5,100,1,1000.00,405.28,1721,431,469.77,1257,5.77,8.00,0.92,945.39,1030.72,1348.50,0.00,0.00,1.00,703.00,1.00
0374,214197,1878,10,4,100,4,1000.00,502.87,2024,158,147.14,467,1.92,8.00,1.06,1037.94,978.66,762.25,6.50,0.71,1.75,1322.25,3.00
0375,184750,1933,10,3,100,2,1000.00,188.58,1321,667,215.54,639,4.18,9.00,1.02,1011.08,993.77,1162.75,5.00,0.00,2.50,998.50,1.50
0376,168268,1882,10,8,100,2,1000.00,467.89,2072,270,163.87,656,1.67,6.00,1.16,1099.25,944.17,711.50,4.00,0.00,4.00,778.00,7.00
0377,257878,1866,10,8,100,1,1000.00,263.37,2266,611,155.06,769,1.62,5.00,1.17,1103.00,942.06,798.00,0.00,0.00,4.00,1063.00,6.00
0378,102112,1853,10,6,100,2,1000.00,451.43,1929,403,537.86,1382,5.29,5.00,1.00,1000.17,999.91,1250.50,6.00,0.00,2.00,1208.00,0.50
0379,141835,1881,10,8,100,5,1000.00,288.02,1693,525,284.71,832,2.56,7.00,1.08,1052.61,970.41,997.00,6.60,1.61,3.20,1166.00,1.40
0380,126062,1888,10,8,100,3,1000.00,258.19,2041,575,142.41,697,2.86,3.00,1.29,1167.72,905.66,690.00,6.00,2.08,3.00,1066.33,1.67
0381,161923,1873,10,3,100,5,1000.00,295.68,1974,539,109.35,381,1.62,3.00,1.24,1138.81,921.92,791.25,3.33,1.26,3.67,836.67,5.67
0382,104895,1943,10,4,100,1,1000.00,375.72,1796,508,406.11,1218,5.75,2.00,0.91,938.78,1034.44,1023.00,0.00,0.00,9.00,743.00,3.00
0383,192209,1898,10,6,100,2,1000.00,340.83,2224,487,280.39,903,2.88,6.00,1.00,1002.97,998.33,910.75,7.00,0.00,3.50,939.50,6.50
0384,72419,1871,10,8,100,3,1000.00,324.82,1943,344,171.76,773,2.66,5.00,1.09,1056.78,968.06,775.75,6.00,1.71,1.33,1090.33,2.00
0385,102665,1868,10,7,100,4,1000.00,316.78,1517,338,124.54,382,1.92,5.00,1.30,1170.69,903.98,737.00,7.00,0.96,3.50,1155.75,2.75
0386,157215,1910,10,2,100,5,1000.00,222.00,1794,712,68.78,264,1.55,7.00,0.98,988.03,1006.73,956.75,12.00,0.00,0.00,952.00,5.00
0387,55223,1858,10,7,100,3,1000.00,412.01,1741,416,450.48,1321,5.06,7.00,1.02,1011.08,993.77,770.00,8.00,2.52,1.00,1097.33,1.00
0388,116194,1883,10,2,100,5,1000.00,108.29,1187,808,129.47,325,4.81,2.00,0.95,968.00,1018.00,1038.50,6.00,0.00,3.00,1080.00,1.00
0389,503217,1891,10,2,100,3,1000.00,450.79,1851,235,142.39,505,1.57,4.00,1.36,1203.86,885.33,642.00,7.00,0.00,2.50,1416.00,1.50
0390,104032,1840,10,7,100,4,1000.00,196.65,1362,645,218.11,665,5.37,5.00,0.95,967.58,1018.23,1058.75,8.17,2.33,2.25,1097.75,1.75
0391,208504,1880,10,7,100,5,1000.00,263.72,1560,521,102.35,264,1.62,2.00,1.41,1228.72,871.34,656.00,8.20,1.83,1.20,932.20,3.60
0392,286980,1862,10,4,100,1,1000.00,213.55,1616,694,68.11,249,1.62,4.00,1.12,1073.25,958.80,845.25,0.00,0.00,3.00,892.00,6.00
0393,87851,1933,10,6,100,5,1000.00,723.99,3162,187,272.98,995,1.57,6.00,1.00,1000.75,999.58,814.75,7.80,2.20,1.80,664.60,6.40
0394,151425,1896,10,6,100,2,1000.00,297.06,1941,499,154.77,593,1.88,6.00,1.23,1134.03,924.61,757.50,9.00,0.00,2.50,887.00,3.00
0395,47808,1868,10,8,100,4,1000.00,478.50,2145,302,501.01,1637,5.57,6.00,0.69,773.28,1127.53,1228.75,4.33,0.58,3.00,836.75,2.25
0396,257265,1861,10,8,100,1,1000.00,286.72,1751,628,115.38,632,1.59,8.00,0.98,989.33,1006.00,942.00,0.00,0.00,5.00,1588.00,0.00
0397,94883,1916,10,6,100,4,1000.00,531.75,3406,429,341.61,1082,1.55,3.00,1.56,1296.64,833.14,814.75,4.50,1.08,2.75,1420.00,1.50
0398,118816,1877,10,8,100,4,1000.00,524.67,1998,308,581.58,1609,4.64,2.00,1.19,1113.47,936.17,632.50,9.00,3.10,2.50,1078.50,1.25
0399,202987,1894,10,2,100,3,1000.00,507.48,1958,286,584.42,1553,3.95,4.00,1.04,1025.50,985.66,663.25,10.00,0.00,2.00,891.50,2.00
0400,78236,1880,10,6,100,2,1000.00,356.53,1720,508,409.74,1147,5.80,7.00,1.02,1014.39,991.91,1173.25,11.00,0.00,2.50,1387.50,1.00
0401,76907,1892,10,4,100,4,1000.00,244.42,1960,604,184.48,652,1.80,3.00,1.24,1139.25,921.67,876.50,6.67,2.89,1.00,1122.75,3.00
0402,170935,1882,10,2,100,3,1000.00,252.64,1692,554,258.41,716,2.93,4.00,1.04,1026.11,985.31,835.75,2.00,0.00,5.00,1195.50,1.00
0403,374994,1871,10,2,100,1,1000.00,143.30,1225,742,161.73,454,5.49,8.00,1.02,1014.44,991.88,948.50,0.00,0.00,5.00,850.00,2.00
0404,92132,1847,10,8,100,2,1000.00,431.94,2633,424,434.81,1687,4.38,7.00,1.07,1044.92,974.73,937.50,6.00,0.00,3.00,925.50,2.50
0405,133476,1871,10,6,100,5,1000.00,207.04,1370,611,240.64,715,4.40,9.00,1.08,1052.69,970.36,1055.50,6.40,2.01,3.20,894.20,2.60
0406,236945,1835,10,8,100,1,1000.00,340.52,1835,643,201.49,1135,2.10,6.00,1.17,1104.44,941.25,790.50,0.00,0.00,5.00,770.00,3.00
0407,206424,1848,10,2,100,1,1000.00,524.70,3057,628,138.69,769,1.60,8.00,0.79,856.94,1080.47,1310.25,0.00,0.00,6.00,639.00,6.00
0408,108422,1855,10,8,100,4,1000.00,245.25,1666,605,253.67,833,2.63,3.00,1.11,1070.22,960.50,951.50,8.17,2.96,3.75,1047.75,2.50
0409,226995,1876,10,6,100,1,1000.00,219.92,1609,653,252.20,921,3.93,4.00,1.06,1038.03,978.61,1014.00,0.00,0.00,7.00,1232.00,0.00
0410,73261,1863,10,6,100,5,1000.00,405.93,2261,584,250.34,1155,1.50,2.00,1.26,1154.58,913.05,797.50,6.60,3.52,1.40,825.00,3.60
0411,276162,1870,10,5,100,1,1000.00,27.64,1044,950,32.29,91,5.19,6.00,1.00,997.94,1001.16,981.75,0.00,0.00,6.00,962.00,5.00
0412,269820,1860,10,5,100,1,1000.00,356.09,2129,485,345.40,1435,1.62,6.00,1.00,1001.61,999.09,802.00,0.00,0.00,3.00,1357.00,3.00
0413,130722,1873,10,5,100,5,1000.00,299.21,1276,477,143.12,739,3.86,6.00,1.36,1206.03,884.11,573.00,5.60,0.89,2.60,1214.20,1.20
0414,364320,1878,10,2,100,1,1000.00,412.63,1752,410,452.09,1313,5.40,7.00,0.98,990.19,1005.52,810.00,0.00,0.00,7.00,1070.00,1.00
0415,106853,1889,10,4,100,2,1000.00,293.37,1674,525,140.96,741,2.07,3.00,1.16,1096.94,945.47,856.50,5.00,0.00,3.50,1095.00,2.50
0416,114183,1922,10,6,100,3,1000.00,354.53,2392,618,188.46,676,1.62,5.00,0.99,996.19,1002.14,826.50,6.00,0.67,1.33,873.33,5.00
0417,272328,1873,10,7,100,1,1000.00,574.56,2436,394,141.87,448,1.69,6.00,1.06,1035.44,980.06,805.25,0.00,0.00,4.00,635.00,5.00
0418,78947,1890,10,4,100,4,1000.00,322.57,1559,499,394.03,996,4.63,7.00,0.94,959.47,1022.80,1171.25,9.00,2.92,0.50,1119.00,1.50
0419,330107,1865,10,5,100,1,1000.00,205.23,1362,673,246.03,634,4.74,7.00,1.02,1014.28,991.97,1058.25,0.00,0.00,6.00,991.00,1.00
0420,138510,1899,10,2,100,3,1000.00,222.81,1374,620,255.11,741,4.21,4.00,1.04,1026.28,985.22,1206.50,4.00,0.00,2.00,956.00,3.00
0421,77857,1843,10,8,100,2,1000.00,736.93,3417,243,339.29,1545,1.87,8.00,0.85,898.69,1056.98,1279.50,4.00,0.00,5.00,1439.50,1.50
0422,189101,1879,10,3,100,4,1000.00,308.73,1821,421,214.29,823,1.93,2.00,1.40,1223.97,874.02,745.50,6.00,0.58,4.00,1006.33,2.33
0423,115082,1931,10,5,100,5,1000.00,15.14,1021,973,16.95,48,4.84,6.00,1.00,1000.53,999.70,1009.50,6.00,1.99,0.60,1001.20,1.80
0424,197425,1893,10,6,100,1,1000.00,562.65,2212,313,637.41,1756,4.48,6.00,0.94,958.81,1023.17,1066.25,0.00,0.00,6.00,409.00,3.00
0425,154898,1895,10,2,100,3,1000.00,438.56,2256,362,369.96,1210,2.38,3.00,0.97,979.39,1011.59,1122.00,9.00,0.00,2.50,893.00,5.00
0426,101057,1893,10,3,100,4,1000.00,384.36,1686,423,462.30,1185,4.10,8.00,0.95,967.33,1018.38,1179.50,6.00,1.54,2.67,1132.00,2.67
0427,217841,1896,10,5,100,2,1000.00,155.33,1686,738,76.81,417,4.93,5.00,1.01,1007.25,995.92,970.00,4.00,0.00,4.00,1007.00,2.50
0428,158620,1896,10,4,100,3,1000.00,115.47,1489,782,67.88,288,1.67,2.00,1.13,1077.69,956.30,864.00,4.00,1.35,2.67,981.33,2.33
0429,194100,1894,10,2,100,5,1000.00,550.85,2365,232,227.37,835,1.72,2.00,1.92,1442.11,751.31,404.00,8.00,0.00,2.00,764.00,4.00
0430,132485,1867,10,8,100,3,1000.00,260.98,1605,540,119.81,364,2.02,6.00,1.13,1080.64,954.64,906.75,6.67,1.39,4.33,739.67,7.33
0431,262668,1896,10,2,100,2,1000.00,626.59,2666,262,436.68,2049,2.38,6.00,0.74,818.33,1102.19,1022.25,10.00,0.00,2.00,297.00,5.50
0432,164017,1877,10,4,100,1,1000.00,372.51,1759,415,434.66,1332,4.68,4.00,0.91,938.64,1034.52,907.75,0.00,0.00,6.00,1022.00,2.00
0433,167938,1885,10,4,100,2,1000.00,390.46,1663,244,177.69,585,1.87,1.00,1.39,1217.53,877.64,622.50,11.00,0.00,1.50,1119.00,3.50
0434,138142,1879,10,6,100,4,1000.00,428.40,1748,356,517.83,1306,5.12,6.00,1.04,1028.03,984.23,971.50,7.33,1.03,0.50,1087.75,1.50
0435,92869,1886,10,5,100,4,1000.00,484.81,2340,552,117.46,718,1.82,7.00,0.88,922.75,1043.45,997.25,4.33,1.83,1.50,887.00,5.50
0436,114930,1890,10,3,100,3,1000.00,238.68,1405,598,263.36,776,5.67,8.00,0.95,968.69,1017.61,1005.25,8.00,2.08,2.00,1110.67,1.67
0437,181240,1872,10,8,100,4,1000.00,281.53,1698,487,218.09,1000,1.88,1.00,1.37,1209.33,882.25,717.00,8.50,2.33,1.25,889.75,2.75
0438,89300,1932,10,6,100,4,1000.00,370.91,1734,476,436.16,1147,4.35,4.00,1.00,997.92,1001.17,872.00,6.50,1.11,1.75,1308.75,2.25
0439,114872,1909,10,6,100,3,1000.00,466.57,2020,260,145.09,456,1.77,6.00,1.10,1059.69,966.42,792.25,3.33,1.00,4.00,1142.33,3.33
0440,160113,1873,10,4,100,4,1000.00,181.19,1317,700,221.89,586,5.57,7.00,0.94,959.36,1022.86,1030.50,6.67,0.00,4.00,1130.25,2.25
0441,95966,1866,10,6,100,5,1000.00,292.11,2005,543,218.26,647,1.95,6.00,1.00,998.33,1000.94,829.00,6.40,3.14,1.60,848.80,3.80
0442,129953,1884,10,3,100,4,1000.00,406.89,1939,317,121.08,497,1.60,7.00,1.25,1145.89,917.94,665.00,4.00,1.17,4.67,740.33,7.67
0443,130759,1848,10,7,100,4,1000.00,407.99,1777,369,471.97,1278,3.82,6.00,1.20,1121.03,931.92,788.00,8.67,2.61,3.00,1161.75,1.50
0444,249905,1885,10,2,100,2,1000.00,252.78,1868,652,82.32,314,1.45,6.00,1.05,1030.31,982.95,885.50,6.00,0.00,2.00,907.50,6.00
0445,101209,1840,10,8,100,4,1000.00,629.09,2981,276,547.21,2428,1.50,4.00,1.34,1192.83,891.53,886.00,7.50,0.29,0.25,1439.25,4.00
0446,119094,1901,10,5,100,3,1000.00,105.77,1275,798,64.82,198,1.64,4.00,1.09,1054.25,969.48,902.75,6.67,1.17,1.67,990.33,2.00
0447,134932,1935,10,7,100,2,1000.00,229.29,1923,573,155.04,592,1.62,2.00,1.27,1155.14,912.73,863.00,5.00,0.00,4.50,997.00,4.00
0448,108464,1881,10,7,100,5,1000.00,42.47,1068,927,50.47,137,4.83,3.67,1.00,1000.78,999.56,1019.25,8.40,1.94,1.00,985.60,2.80
0449,144364,1878,10,8,100,5,1000.00,259.77,1527,596,296.20,910,5.14,9.00,0.99,995.58,1002.48,1147.25,7.20,3.67,2.00,961.20,1.60
0450,261243,1858,10,8,100,1,1000.00,389.19,2246,483,137.22,551,1.62,3.00,1.28,1164.92,907.23,713.75,0.00,0.00,3.00,1366.00,1.00
0451,249390,1903,10,4,100,4,1000.00,173.76,1545,686,82.57,391,2.68,5.00,1.06,1037.89,978.69,887.75,7.33,1.96,0.50,875.50,3.00
0452,298123,1854,10,5,100,1,1000.00,442.60,1947,250,159.88,475,1.93,6.00,1.11,1068.67,961.38,786.25,0.00,0.00,2.00,920.00,4.00
0453,133828,1885,10,3,100,5,1000.00,213.09,1356,631,235.85,701,5.26,2.00,0.99,993.97,1003.39,950.00,6.67,2.22,1.33,1039.67,1.00
0454,231262,1880,10,6,100,1,1000.00,264.57,1846,637,286.02,1168,3.31,2.00,1.11,1065.81,962.98,752.00,0.00,0.00,9.00,834.00,2.00
0455,77445,1887,10,5,100,3,1000.00,205.70,1364,614,232.62,739,3.97,2.00,1.01,1004.31,997.58,1023.25,7.33,0.88,3.67,809.67,2.00
0456,212987,1895,10,6,100,1,1000.00,347.04,1613,273,253.10,961,2.94,3.00,1.27,1159.61,910.22,632.75,0.00,0.00,2.00,840.00,2.00
0457,98030,1906,10,7,100,5,1000.00,353.15,1671,480,443.40,1154,3.93,6.00,1.02,1011.25,993.67,946.75,3.40,1.37,1.80,773.20,2.80
0458,270300,1893,10,8,100,1,1000.00,160.40,1750,667,131.79,635,2.38,5.00,1.00,1003.03,998.30,1046.00,0.00,0.00,6.00,918.00,5.00
0459,202058,1925,10,5,100,1,1000.00,421.43,2181,367,462.40,1211,5.12,8.00,0.94,958.28,1023.47,1097.50,0.00,0.00,5.00,506.00,2.00
0460,74167,1912,10,3,100,4,1000.00,254.33,2179,670,95.18,459,1.90,9.00,0.90,931.03,1038.80,1140.50,8.00,0.84,2.00,1150.00,4.00
0461,274365,1902,10,2,100,2,1000.00,242.73,1886,542,113.07,543,1.74,5.00,1.12,1075.36,957.61,735.50,3.00,0.00,5.50,1342.50,0.50
0462,333080,1904,10,4,100,1,1000.00,493.85,1992,275,583.43,1713,4.55,8.00,1.08,1051.44,971.06,718.50,0.00,0.00,9.00,628.00,3.00
0463,95875,1887,10,5,100,4,1000.00,436.21,2081,280,349.12,1763,4.35,5.00,1.07,1044.89,974.75,950.75,8.33,2.87,2.50,1102.25,2.50
0464,207705,1907,10,7,100,2,1000.00,256.59,1808,582,122.68,401,2.33,9.00,0.99,995.00,1002.81,1035.50,7.00,0.00,5.50,910.00,8.00
0465,124060,1906,10,7,100,3,1000.00,27.97,1044,949,32.84,90,5.08,1.00,1.00,998.97,1000.58,1032.75,8.67,0.19,0.33,995.33,1.67
0466,100837,1883,10,8,100,3,1000.00,319.38,1549,470,381.72,1022,5.16,9.00,1.04,1025.39,985.72,1118.00,6.00,1.84,3.33,1285.67,1.67
0467,153509,1908,10,3,100,5,1000.00,6.60,1010,986,7.01,21,4.86,3.67,1.00,999.61,1000.22,990.75,6.00,0.58,3.00,996.00,1.67
0468,109056,1899,10,6,100,3,1000.00,126.83,1764,889,26.08,368,1.69,9.00,0.98,984.58,1008.67,1130.75,6.00,1.64,4.33,1276.33,2.00
0469,100786,1921,10,4,100,4,1000.00,169.37,1234,681,205.14,550,4.28,6.00,1.05,1034.19,980.77,897.00,6.50,1.04,2.75,936.00,1.50
0470,79234,1884,10,6,100,3,1000.00,172.97,1550,761,73.54,508,4.46,5.00,1.10,1062.33,964.94,882.00,8.67,2.08,2.00,1136.67,1.67
0471,202148,1904,10,6,100,3,1000.00,336.85,2188,531,143.97,483,1.62,9.00,0.94,961.11,1021.88,1007.25,4.67,0.84,2.00,1025.00,6.00
0472,88443,1883,10,3,100,3,1000.00,211.37,1337,642,236.98,620,4.18,4.00,1.06,1036.61,979.41,1050.75,8.00,2.69,3.67,1046.00,1.33
0473,75526,1871,10,6,100,5,1000.00,307.46,1571,490,365.01,1067,4.03,5.00,0.95,969.33,1017.25,1067.25,7.40,1.68,0.20,1329.00,0.40
0474,105994,1874,10,5,100,2,1000.00,394.22,1804,448,230.93,1042,1.92,3.00,1.13,1076.69,956.86,899.50,9.00,0.00,4.50,1012.00,2.50
0475,101785,1882,10,3,100,4,1000.00,209.28,1864,683,81.97,440,1.69,5.00,1.04,1022.50,987.34,862.00,4.67,0.58,5.00,1342.67,1.33
0476,99610,1898,10,7,100,3,1000.00,255.39,1952,614,164.03,490,1.93,8.00,1.04,1023.47,986.80,869.25,6.00,1.45,2.67,965.00,3.67
0477,180826,1853,10,7,100,1,1000.00,506.71,2885,365,542.22,2441,4.12,4.00,1.01,1006.17,996.53,1109.50,0.00,0.00,8.00,1577.00,2.00
0478,90866,1886,10,4,100,3,1000.00,509.09,2036,338,562.88,1668,4.76,4.00,0.81,869.17,1073.59,870.00,3.33,1.00,5.00,1039.00,2.33
0479,397278,1856,10,2,100,1,1000.00,44.22,1076,914,54.88,146,3.50,5.00,1.01,1007.72,995.66,970.25,0.00,0.00,7.00,1033.00,3.00
0480,68715,1859,10,7,100,5,1000.00,316.92,1510,468,367.67,1006,5.17,8.00,1.06,1040.19,977.39,1261.00,8.40,1.83,0.40,830.80,2.20
0481,113777,1881,10,6,100,4,1000.00,163.09,1567,792,127.43,710,2.46,6.00,0.95,969.81,1016.98,1014.75,7.33,1.68,3.00,925.00,3.75
0482,157080,1890,10,3,100,4,1000.00,361.22,1935,565,244.18,1245,2.20,1.00,1.20,1121.11,931.88,845.25,9.33,3.29,1.67,971.00,3.00
0483,194826,1865,10,4,100,1,1000.00,229.93,1419,617,239.06,802,3.55,6.00,1.11,1068.92,961.23,1121.75,0.00,0.00,3.00,861.00,2.00
0484,97463,1843,10,8,100,5,1000.00,253.13,1428,553,309.32,858,4.61,4.00,0.99,996.58,1001.92,939.25,5.80,2.11,0.60,887.00,1.60
0485,115653,1866,10,5,100,5,1000.00,480.77,1971,346,537.79,1491,3.83,5.00,1.13,1080.33,954.81,578.00,5.80,1.24,1.40,1267.40,1.20
0486,159356,1883,10,3,100,4,1000.00,293.32,1501,509,353.82,958,4.78,7.00,0.99,993.56,1003.62,1068.00,6.67,0.33,5.00,1192.67,0.67
0487,59973,1849,10,8,100,2,1000.00,438.16,2649,376,255.56,1146,2.93,4.00,1.07,1043.11,975.75,667.00,7.00,0.00,5.50,1000.50,3.00
0488,164801,1913,10,4,100,3,1000.00,319.22,2037,503,172.85,561,2.03,7.00,1.01,1006.58,996.30,815.00,8.00,2.69,3.67,873.33,7.33
0489,141044,1882,10,7,100,2,1000.00,206.74,1431,606,113.48,337,2.03,1.00,1.37,1210.36,881.67,660.25,6.00,0.00,4.00,1015.50,3.00
0490,164089,1852,10,7,100,1,1000.00,417.12,1846,357,495.42,1371,5.17,3.00,0.90,936.42,1035.77,1123.50,0.00,0.00,5.00,378.00,2.00
0491,113475,1898,10,6,100,2,1000.00,304.07,1639,765,124.53,788,2.03,2.00,1.40,1225.08,873.39,801.00,11.00,0.00,1.50,845.00,4.00
0492,89527,1892,10,6,100,5,1000.00,293.19,2025,563,127.08,442,2.26,9.00,0.98,985.61,1008.09,1019.00,5.40,1.16,4.00,974.00,4.00
0493,153295,1898,10,3,100,1,1000.00,417.54,1908,400,245.61,1415,2.40,5.00,1.00,1002.86,998.39,996.00,0.00,0.00,6.00,790.00,7.00
0494,162939,1913,10,8,100,1,1000.00,453.35,1967,441,505.68,1504,5.57,6.00,0.95,969.11,1017.38,807.75,0.00,0.00,8.00,1211.00,2.00
0495,327557,1890,10,2,100,1,1000.00,454.60,1852,376,512.54,1393,4.94,7.00,0.90,935.28,1036.41,1169.75,0.00,0.00,1.00,444.00,2.00
0496,87399,1898,10,4,100,4,1000.00,235.65,1413,655,272.99,725,5.11,7.00,0.97,980.17,1011.16,854.25,4.50,1.08,3.25,945.75,1.25
0497,199213,1897,10,3,100,2,1000.00,443.49,1939,225,451.26,1371,3.55,4.00,1.10,1060.31,966.08,995.00,7.00,0.00,2.50,721.50,3.00
0498,105769,1873,10,7,100,5,1000.00,179.51,1724,758,58.68,321,1.56,4.00,1.14,1083.92,952.80,861.25,7.20,1.57,3.00,988.40,4.40
0499,97653,1898,10,7,100,3,1000.00,122.36,1453,787,60.53,217,1.52,3.00,1.13,1081.03,954.42,874.75,7.33,2.65,1.00,1051.00,2.33
0500,130414,1898,10,8,100,4,1000.00,490.56,2785,371,515.89,2358,4.02,5.00,0.89,924.22,1042.62,916.00,6.83,2.48,0.75,1503.00,1.50
0501,154203,1899,10,4,100,3,1000.00,561.29,2523,463,320.50,1805,1.50,3.00,1.63,1330.33,814.19,821.00,8.67,2.80,1.33,1275.00,3.00
0502,142652,1887,10,3,100,4,1000.00,380.91,1817,328,342.26,1464,4.15,2.00,1.12,1074.64,958.02,970.25,5.33,1.95,4.33,1047.33,1.67
0503,110744,1873,10,8,100,2,1000.00,626.78,2717,249,549.28,2110,2.20,7.00,0.77,836.44,1092.00,893.25,10.00,0.00,2.00,461.00,3.50
0504,181457,1886,10,6,100,3,1000.00,139.79,1423,718,122.38,434,1.93,3.00,1.14,1087.36,950.86,825.75,2.00,0.69,5.67,906.33,4.67
0505,269641,1882,10,4,100,1,1000.00,626.82,4032,462,257.36,1635,1.60,1.00,1.69,1355.31,800.14,843.00,0.00,0.00,5.00,956.00,3.00
0506,165490,1938,10,3,100,3,1000.00,251.44,1788,713,124.52,723,1.69,4.00,1.23,1136.25,923.36,864.75,8.00,0.67,2.00,911.67,2.33
0507,142358,1903,10,6,100,3,1000.00,367.43,1724,463,456.24,1212,5.17,2.00,1.03,1018.36,989.67,1133.50,7.33,2.00,2.33,637.33,1.33
0508,248331,1877,10,8,100,1,1000.00,229.14,1755,596,108.38,520,2.33,6.00,1.25,1144.17,918.91,733.00,0.00,0.00,1.00,1644.00,0.00
0509,171964,1880,10,7,100,4,1000.00,827.74,4293,287,363.03,1949,1.55,3.00,1.70,1359.22,797.94,738.75,8.33,1.29,2.00,903.00,5.00
0510,140509,1904,10,4,100,3,1000.00,325.90,1844,476,141.75,459,1.67,2.00,1.47,1257.89,854.94,710.75,7.33,2.00,2.00,902.67,3.67
0511,123123,1900,10,6,100,4,1000.00,297.33,1778,558,326.82,866,3.95,7.00,0.95,968.28,1017.84,850.75,8.50,1.87,0.75,922.00,2.50
0512,202439,1846,10,6,100,1,1000.00,450.12,1934,344,317.87,1337,2.58,4.00,1.34,1193.64,891.08,823.25,0.00,0.00,5.00,1367.00,1.00
0513,293079,1863,10,6,100,1,1000.00,437.73,1828,330,492.62,1425,5.29,1.00,0.91,938.81,1034.42,1189.00,0.00,0.00,7.00,377.00,1.00
0514,75974,1872,10,8,100,4,1000.00,325.27,1747,499,259.14,1116,2.74,7.00,0.99,990.44,1005.38,950.00,8.33,2.08,1.00,845.25,3.00
0515,213289,1953,10,8,100,1,1000.00,353.55,1861,487,339.03,1129,2.76,7.00,0.90,937.00,1035.44,1035.50,0.00,0.00,5.00,966.00,6.00
0516,488226,1898,10,2,100,2,1000.00,378.89,2181,568,187.17,944,2.53,5.00,0.99,995.56,1002.50,922.00,3.00,0.00,5.50,1356.50,0.50
0517,363089,1885,10,2,100,1,1000.00,36.80,1055,929,43.28,120,5.89,9.00,1.00,997.22,1001.56,1003.75,0.00,0.00,3.00,1037.00,3.00
0518,143104,1902,10,6,100,2,1000.00,627.56,2920,145,306.53,922,1.79,7.00,0.95,970.25,1016.73,1024.50,9.00,0.00,3.50,1353.50,2.50
0519,275007,1898,10,4,100,1,1000.00,234.28,1527,444,206.71,743,3.27,4.00,1.21,1125.97,929.14,834.75,0.00,0.00,6.00,1012.00,1.00
0520,166323,1906,10,4,100,3,1000.00,365.70,1734,477,254.68,1217,3.40,1.00,1.26,1154.44,913.12,835.25,5.33,0.77,0.33,996.67,1.33
0521,45193,1856,10,6,100,4,1000.00,358.07,1640,480,431.07,1100,4.26,3.50,1.05,1029.97,983.14,740.75,6.33,2.83,5.00,825.50,0.75
0522,127964,1915,10,3,100,5,1000.00,337.32,2819,522,238.18,1154,1.93,7.00,0.93,952.22,1026.88,984.75,3.33,1.26,1.33,840.67,3.00
0523,84155,1868,10,8,100,4,1000.00,281.87,1525,363,126.02,395,2.17,5.00,1.23,1136.31,923.33,705.50,8.83,2.12,1.25,976.00,3.50
0524,89071,1872,10,6,100,4,1000.00,192.66,1646,753,55.88,300,1.60,6.00,1.04,1025.08,985.89,918.25,8.17,1.22,0.75,924.00,5.25
0525,111306,1889,10,4,100,5,1000.00,237.84,1450,614,273.88,806,4.88,5.00,1.02,1014.08,992.08,1178.00,6.83,0.91,1.75,1122.50,0.75
0526,124188,1899,10,6,100,4,1000.00,202.12,1376,675,244.69,686,5.42,5.00,0.99,994.47,1003.11,1276.00,6.83,1.70,2.25,1177.50,2.00
0527,71935,1877,10,7,100,3,1000.00,309.30,2077,505,200.66,549,1.97,5.00,1.06,1036.19,979.64,747.25,6.67,1.71,1.67,1117.33,3.00
0528,188726,1903,10,5,100,3,1000.00,173.51,1500,715,69.96,271,1.69,6.00,1.10,1060.53,965.95,847.50,6.67,0.69,2.33,1086.67,2.33
0529,77425,1861,10,5,100,4,1000.00,408.47,1812,421,480.07,1350,3.07,7.00,1.01,1006.06,996.59,718.25,4.00,0.85,4.00,1075.50,2.50
0530,95932,1892,10,4,100,4,1000.00,487.24,2342,314,364.22,1582,2.17,6.00,0.91,943.50,1031.78,1006.25,7.00,1.22,1.50,855.00,3.00
0531,114958,1906,10,4,100,3,1000.00,127.99,1178,757,150.94,404,4.21,4.00,0.93,956.22,1024.62,1032.25,8.67,2.55,3.67,903.00,1.67
0532,117132,1894,10,6,100,5,1000.00,241.62,1446,428,116.50,380,3.88,3.00,1.24,1139.00,921.81,697.25,8.20,2.38,0.40,873.00,4.20
0533,142375,1902,10,6,100,2,1000.00,336.01,1688,473,387.86,1193,4.05,2.00,1.05,1030.61,982.78,884.25,7.00,0.00,1.50,952.50,1.50
0534,152120,1890,10,4,100,1,1000.00,298.48,1576,817,131.81,756,1.52,6.00,1.03,1017.00,990.44,832.25,0.00,0.00,6.00,822.00,4.00
0535,155178,1886,10,2,100,5,1000.00,503.65,2416,299,307.51,1040,1.57,3.00,1.58,1306.36,827.67,614.25,3.00,0.00,5.50,771.50,4.00
0536,227914,1892,10,6,100,2,1000.00,255.25,2160,663,121.76,616,1.64,2.00,1.40,1223.11,874.50,747.25,3.00,0.00,5.50,882.50,4.50
0537,113346,1869,10,5,100,5,1000.00,304.72,2107,497,142.88,496,1.79,6.00,1.09,1057.25,967.80,817.75,4.60,1.61,4.00,794.60,7.00
0538,173770,1865,10,6,100,1,1000.00,335.47,2024,528,384.99,1308,4.78,5.00,1.07,1045.22,974.56,993.50,0.00,0.00,8.00,833.00,5.00
0539,278198,1888,10,4,100,1,1000.00,331.72,1819,600,115.58,332,1.55,3.00,1.40,1225.36,873.23,694.00,0.00,0.00,9.00,600.00,7.00
0540,101355,1886,10,4,100,4,1000.00,887.54,3677,119,283.50,1378,1.60,7.00,0.91,943.00,1032.06,1161.25,7.67,1.83,2.00,878.75,5.00
0541,237216,1867,10,6,100,1,1000.00,314.22,2013,542,183.51,861,3.72,8.00,1.22,1127.97,928.02,981.75,0.00,0.00,5.00,963.00,4.00
0542,74911,1870,10,8,100,3,1000.00,381.12,2166,366,430.83,1145,4.58,5.00,1.15,1093.03,947.67,947.75,10.67,4.25,0.67,1170.00,1.67
0543,126553,1902,10,6,100,3,1000.00,236.23,1668,528,136.71,421,2.46,7.00,1.12,1076.42,957.02,898.25,10.00,2.50,2.67,927.00,4.33
0544,233501,1897,10,2,100,2,1000.00,484.19,1948,337,516.99,1595,4.43,5.00,1.15,1088.94,949.97,972.75,6.00,0.00,2.00,954.00,1.50
0545,77980,1906,10,4,100,5,1000.00,327.20,1688,473,370.81,1111,4.18,5.00,0.91,940.56,1033.44,923.00,8.33,3.92,2.00,949.50,1.75
0546,264360,1906,10,3,100,4,1000.00,216.45,1397,702,263.94,695,4.08,4.00,1.01,1003.92,997.80,1012.00,8.00,2.33,1.33,1096.67,1.33
0547,127239,1888,10,5,100,3,1000.00,186.79,1684,802,85.04,705,2.31,1.00,1.18,1107.56,939.50,878.50,5.33,1.68,2.67,1109.00,2.33
0548,178184,1878,10,3,100,3,1000.00,231.23,2066,708,73.48,468,1.69,7.00,0.99,993.06,1003.91,964.75,5.33,1.20,3.00,1172.33,1.67
0549,109959,1870,10,8,100,4,1000.00,497.46,2030,193,252.07,750,2.23,4.00,1.16,1094.94,946.59,727.50,7.50,1.47,0.75,1024.00,4.25
0550,287445,1866,10,5,100,1,1000.00,297.59,1490,476,76.72,159,1.55,4.00,1.21,1122.67,931.00,765.50,0.00,0.00,2.00,1395.00,0.00
0551,143421,1911,10,3,100,5,1000.00,516.69,2196,256,293.87,1189,1.69,1.00,1.57,1301.50,830.41,829.75,10.00,1.02,1.67,824.67,4.33
0552,81143,1863,10,5,100,3,1000.00,292.53,2393,620,144.71,806,1.77,5.00,1.04,1026.11,985.31,767.00,6.67,1.54,3.33,1026.00,3.00
0553,207812,1899,10,4,100,2,1000.00,488.86,2618,395,233.69,1155,1.60,7.00,0.93,951.86,1027.08,1013.50,8.00,0.00,4.00,1585.50,3.00
0554,60814,1882,10,4,100,3,1000.00,614.22,2997,263,577.53,1831,4.60,8.00,0.77,842.00,1088.88,1515.75,8.67,1.07,0.67,1404.67,2.67
0555,138178,1897,10,3,100,3,1000.00,338.08,1669,480,367.06,1109,4.40,6.00,1.06,1038.94,978.09,854.25,7.33,0.51,3.33,1252.33,2.00
0556,206690,1904,10,4,100,5,1000.00,322.11,1646,350,171.85,498,1.67,1.00,1.59,1313.53,823.64,411.00,7.50,1.68,3.25,790.50,4.75
0557,182400,1892,10,6,100,3,1000.00,195.69,1337,640,89.58,473,1.98,2.00,1.24,1142.53,919.83,824.50,5.33,0.58,2.00,878.00,2.33
0558,143904,1907,10,4,100,4,1000.00,545.48,2875,425,280.31,1253,1.69,4.00,1.25,1149.31,916.02,796.00,7.83,2.02,0.75,1262.00,3.25
0559,85335,1866,10,6,100,5,1000.00,267.63,1881,560,185.23,527,1.77,4.00,1.16,1094.86,946.64,871.25,5.00,2.14,4.80,935.80,4.20
0560,182665,1893,10,4,100,3,1000.00,225.41,1954,680,131.10,625,1.60,3.00,1.21,1124.86,929.77,785.50,10.00,3.79,2.00,1075.67,3.67
0561,163847,1891,10,4,100,2,1000.00,279.85,1514,565,321.97,931,4.21,8.00,1.06,1039.89,977.56,796.00,4.00,0.00,6.00,944.00,2.50
0562,114812,1874,10,5,100,3,1000.00,365.43,1762,480,415.84,1184,6.10,5.00,0.96,976.69,1013.11,1049.00,6.00,0.51,3.67,1098.67,1.00
0563,97778,1877,10,3,100,4,1000.00,185.43,1699,695,99.49,376,1.67,1.00,1.32,1185.67,895.56,800.00,10.00,1.53,1.00,895.67,3.67
0564,115684,1876,10,5,100,5,1000.00,529.28,2812,355,425.32,2009,3.02,6.00,1.02,1012.56,992.94,794.50,5.40,1.14,2.20,1462.00,2.00
0565,280725,1862,10,7,100,1,1000.00,375.75,1835,442,97.50,264,1.69,4.00,1.15,1091.00,948.81,816.50,0.00,0.00,6.00,785.00,6.00
0566,116691,1871,10,8,100,5,1000.00,203.55,1424,697,74.22,378,1.55,5.00,1.16,1097.94,944.91,781.25,6.40,1.78,1.40,1011.60,4.60
0567,574111,1868,10,2,100,3,1000.00,150.53,1243,727,179.73,477,4.33,5.00,0.98,986.94,1007.34,1141.50,1.00,0.00,5.50,862.50,2.50
0568,89812,1863,10,8,100,5,1000.00,238.32,1952,579,190.30,724,2.84,3.00,1.30,1172.92,902.73,698.00,8.20,3.23,3.40,1014.40,2.20
0569,181092,1886,10,4,100,3,1000.00,50.05,1086,920,48.56,143,3.07,2.00,1.02,1009.83,994.47,975.00,5.33,1.07,4.67,977.00,3.33
0570,259066,1878,10,3,100,3,1000.00,340.84,1864,452,156.27,494,1.71,8.00,1.03,1018.69,989.48,997.75,6.67,2.52,1.67,945.67,5.67
0571,152968,1867,10,8,100,4,1000.00,318.69,2776,445,226.58,1339,2.46,3.00,1.24,1143.06,919.53,892.00,8.17,2.29,1.75,1113.75,3.25
0572,159709,1846,10,7,100,2,1000.00,875.26,4202,171,417.52,2339,1.62,3.00,2.19,1533.42,699.95,419.75,6.00,0.00,3.00,1756.50,2.00
0573,210180,1832,10,6,100,1,1000.00,368.77,1742,459,422.64,1258,3.88,6.00,0.94,960.78,1022.06,1125.25,0.00,0.00,6.00,1474.00,3.00
0574,127998,1884,10,3,100,5,1000.00,225.57,1655,566,197.58,532,2.50,3.00,1.12,1075.61,957.47,844.00,10.00,2.50,0.67,916.00,4.00
0575,132955,1862,10,5,100,2,1000.00,369.44,1739,504,430.27,1224,6.15,6.00,0.95,970.72,1016.47,1124.00,7.00,0.00,5.50,1180.50,2.00
0576,86515,1831,10,8,100,3,1000.00,564.10,2217,279,612.03,1709,5.47,8.00,0.92,946.14,1030.30,1229.25,7.33,2.00,3.67,1216.00,1.33
0577,155842,1817,10,8,100,2,1000.00,410.22,1868,490,245.69,1285,2.28,6.00,1.01,1008.81,995.05,777.00,3.00,0.00,6.50,854.50,6.50
0578,133652,1875,10,5,100,4,1000.00,386.45,1834,235,154.68,524,2.08,5.00,1.19,1113.97,935.89,777.75,8.67,1.29,1.50,993.00,4.25
0579,58312,1857,10,3,100,2,1000.00,418.39,2415,436,363.77,1369,1.85,1.00,1.37,1211.03,881.30,680.25,7.00,0.00,4.50,877.50,4.00
0580,111041,1879,10,5,100,4,1000.00,355.10,1665,318,339.17,1145,3.62,5.00,1.28,1164.72,907.34,940.25,8.00,2.25,1.00,1138.25,2.25
0581,424844,1872,10,2,100,4,1000.00,247.65,1435,681,82.71,595,1.83,6.00,0.94,959.61,1022.72,1036.50,5.00,0.00,6.50,880.50,9.50
0582,182204,1886,10,4,100,2,1000.00,211.85,1911,693,101.23,456,1.52,2.00,1.29,1169.78,904.50,750.00,10.00,0.00,4.00,1115.50,4.50
0583,165197,1892,10,5,100,3,1000.00,314.68,1957,540,146.84,503,1.45,1.00,1.54,1291.17,836.22,588.75,8.00,1.54,3.67,753.67,5.33
0584,175874,1883,10,7,100,3,1000.00,233.89,1946,651,116.14,575,1.62,4.00,1.06,1038.36,978.42,876.50,7.33,2.60,1.33,1043.00,2.67
0585,99612,1842,10,8,100,4,1000.00,199.81,2143,718,105.03,794,1.67,2.00,1.25,1149.47,915.92,856.75,5.17,0.41,3.25,1078.00,3.00
0586,85329,1883,10,5,100,2,1000.00,361.23,1897,613,184.40,1101,2.21,8.00,0.84,892.78,1060.31,979.75,5.00,0.00,5.50,989.00,3.50
0587,122391,1878,10,3,100,4,1000.00,175.83,1273,712,198.11,550,5.02,2.00,0.97,979.25,1011.67,939.00,6.00,1.35,3.00,992.00,2.33
0588,238135,1890,10,2,100,2,1000.00,147.44,1222,768,179.72,442,4.28,4.00,1.01,1009.11,994.88,864.25,8.00,0.00,2.00,1092.00,1.50
0589,337920,1865,10,4,100,1,1000.00,211.65,2027,745,92.12,565,1.55,3.00,1.18,1107.97,939.27,846.25,0.00,0.00,3.00,1462.00,0.00
0590,120136,1882,10,6,100,2,1000.00,136.25,1555,882,94.67,633,4.15,5.00,0.99,995.11,1002.75,950.00,9.00,0.00,3.50,942.50,3.50
0591,150194,1897,10,4,100,4,1000.00,177.95,1785,621,145.99,699,4.02,6.00,0.99,996.17,1002.16,921.75,8.17,1.70,2.75,1089.50,2.50
0592,107727,1864,10,6,100,3,1000.00,432.54,2213,315,449.38,1421,5.06,6.00,0.81,871.00,1072.56,1216.75,6.00,1.50,3.00,753.33,2.67
0593,170190,1893,10,5,100,3,1000.00,421.32,1733,330,462.19,1340,4.83,3.00,1.13,1080.33,954.81,1138.25,8.00,2.52,3.33,1202.00,2.67
0594,307992,1906,10,2,100,5,1000.00,197.63,1605,691,63.43,299,1.69,7.00,1.06,1038.94,978.09,875.50,3.00,0.00,3.50,918.00,5.50
0595,123115,1856,10,3,100,4,1000.00,369.49,1761,450,130.61,358,1.79,4.00,1.22,1133.19,925.08,745.50,9.33,0.88,2.00,769.00,6.00
0596,460518,1877,10,2,100,2,1000.00,379.18,1859,523,269.74,1177,2.26,5.00,1.44,1241.17,864.34,697.25,11.00,0.00,1.50,1135.50,3.50
0597,168270,1874,10,2,100,4,1000.00,246.76,1386,562,295.13,801,4.78,3.50,0.95,964.44,1020.00,1032.00,8.00,0.00,1.00,1058.50,1.50
0598,340598,1830,10,7,100,1,1000.00,295.22,1610,391,105.07,395,1.64,5.00,1.20,1116.64,934.39,788.75,0.00,0.00,8.00,854.00,4.00
0599,107196,1865,10,3,100,3,1000.00,356.42,1895,453,258.03,974,2.78,2.00,1.33,1187.50,894.53,888.00,8.67,1.20,1.67,1119.33,3.00
0600,305584,1846,10,3,100,1,1000.00,233.48,1451,683,58.09,153,1.45,5.00,1.12,1071.67,959.69,862.25,0.00,0.00,4.00,1324.00,1.00
0601,336066,1832,10,2,100,1,1000.00,341.14,1954,611,262.37,1279,1.52,5.00,1.11,1068.78,961.31,846.75,0.00,0.00,7.00,737.00,5.00
0602,126837,1850,10,8,100,2,1000.00,235.15,1652,576,207.02,630,2.18,5.00,1.04,1024.89,986.00,839.00,7.00,0.00,5.50,768.00,7.50
0603,176642,1888,10,4,100,4,1000.00,722.95,3209,246,281.11,1022,1.45,3.00,1.87,1425.72,760.53,472.00,5.50,0.91,3.25,1471.75,1.75
0604,71819,1805,10,8,100,5,1000.00,125.32,1240,794,151.26,400,4.26,3.00,1.02,1015.39,991.34,1046.00,6.60,2.33,1.00,946.00,2.20
0605,98230,1871,10,7,100,4,1000.00,262.04,2040,714,182.47,1143,1.92,6.00,0.91,941.33,1033.00,870.00,8.00,0.00,1.00,944.50,5.00
0606,229687,1844,10,5,100,1,1000.00,240.80,1795,627,135.42,807,2.02,1.00,1.25,1147.61,916.97,846.00,0.00,0.00,6.00,1099.00,1.00
0607,287789,1837,10,5,100,1,1000.00,223.92,1634,638,187.67,728,5.09,7.00,0.97,982.17,1010.03,1010.00,0.00,0.00,6.00,1037.00,1.00
0608,105505,1821,10,7,100,4,1000.00,329.66,1844,480,273.87,868,2.02,4.00,1.04,1023.33,986.88,835.50,6.83,3.20,3.25,860.50,5.75
0609,91502,1850,10,5,100,4,1000.00,171.26,1743,776,70.19,420,2.88,5.00,1.05,1032.83,981.53,859.25,7.00,2.16,3.00,1081.50,2.25
0610,224887,1858,10,4,100,1,1000.00,583.22,2114,242,425.31,1736,2.88,5.00,1.20,1117.94,933.66,662.50,0.00,0.00,5.00,1339.00,1.00
0611,165270,1886,10,5,100,3,1000.00,148.89,1612,736,96.18,452,1.75,5.00,1.05,1028.83,983.78,964.75,6.67,2.00,2.00,1007.33,4.33
0612,128792,1868,10,3,100,5,1000.00,245.59,1410,614,268.86,788,4.48,4.00,0.98,987.17,1007.22,1069.25,9.33,0.67,1.00,919.67,2.33
0613,211463,1886,10,5,100,2,1000.00,197.60,1785,648,100.94,455,1.62,5.00,1.11,1070.11,960.56,837.00,12.00,0.00,1.00,1016.00,4.00
0614,287973,1857,10,2,100,1,1000.00,284.62,1529,401,133.31,396,2.08,2.00,1.29,1169.28,904.78,671.25,0.00,0.00,5.00,1200.00,2.00
0615,143325,1878,10,8,100,2,1000.00,400.14,1684,426,471.97,1225,4.99,4.00,1.06,1040.36,977.30,1198.75,3.00,0.00,3.50,911.00,1.00
0616,105660,1885,10,3,100,1,1000.00,272.88,2095,672,94.34,556,1.62,5.00,1.03,1021.03,988.17,827.75,0.00,0.00,5.00,787.00,8.00
0617,188369,1893,10,6,100,3,1000.00,372.57,1921,484,434.89,1332,4.79,7.00,0.95,969.94,1016.91,977.00,5.33,1.53,4.00,783.00,2.67
0618,99531,1879,10,4,100,3,1000.00,552.42,2539,299,265.13,1015,1.55,5.00,1.22,1129.42,927.20,772.25,4.00,1.39,3.33,1221.67,3.00
0619,79931,1887,10,5,100,5,1000.00,201.01,1640,637,125.17,439,3.34,5.00,1.02,1015.53,991.27,900.50,7.20,1.99,3.20,994.80,3.00
0620,143435,1890,10,5,100,3,1000.00,195.68,1551,586,128.13,589,3.31,4.00,1.13,1076.94,956.72,764.75,5.33,1.92,3.67,1080.00,2.00
0621,92065,1852,10,7,100,2,1000.00,98.99,1144,820,114.39,308,4.17,3.00,1.02,1015.42,991.33,983.75,7.00,0.00,4.50,1100.00,2.50
0622,191988,1820,10,8,100,1,1000.00,459.96,2196,306,211.06,1003,1.93,2.00,1.64,1333.08,812.64,567.75,0.00,0.00,4.00,1807.00,0.00
0623,128141,1882,10,4,100,2,1000.00,135.65,1224,747,163.84,416,4.61,5.00,0.99,996.64,1001.89,1029.75,6.00,0.00,2.00,946.00,1.50
0624,71061,1850,10,8,100,3,1000.00,263.58,1497,579,327.81,910,5.24,4.00,0.96,976.22,1013.38,1305.75,2.67,0.77,4.00,802.67,2.33
0625,83056,1842,10,7,100,3,1000.00,485.58,1886,337,540.13,1450,5.02,5.00,0.94,961.67,1021.56,893.25,10.67,2.69,1.00,957.33,2.67
0626,105148,1834,10,8,100,3,1000.00,454.85,2652,381,351.35,1573,1.92,6.00,0.92,947.14,1029.73,1100.25,5.33,1.68,4.67,1531.33,2.00
0627,144885,1883,10,4,100,4,1000.00,241.12,1505,551,74.48,255,1.67,5.00,1.17,1104.97,940.95,773.25,5.50,0.91,3.25,1093.25,2.00
0628,186484,1848,10,3,100,3,1000.00,322.14,1651,480,199.82,734,1.98,6.00,1.09,1057.22,967.81,975.75,8.00,1.07,0.67,1050.00,5.00
0629,134811,1891,10,4,100,5,1000.00,20.77,1028,958,22.31,70,4.29,4.00,1.00,997.64,1001.33,996.00,8.17,1.47,0.25,1003.25,2.25
0630,83158,1819,10,6,100,3,1000.00,453.25,1836,331,557.09,1484,4.83,4.00,0.93,954.06,1025.84,1073.00,4.67,1.45,1.00,947.67,1.67
0631,129414,1937,10,3,100,4,1000.00,561.11,3131,309,615.27,2793,3.98,2.00,1.17,1100.83,943.28,837.50,7.33,1.73,3.00,776.67,2.00
0632,114001,1876,10,3,100,5,1000.00,453.05,2139,403,471.09,1176,2.83,6.00,0.89,928.72,1040.09,1494.00,8.67,2.27,2.67,998.67,3.67
0633,126929,1865,10,3,100,1,1000.00,394.41,2629,477,376.12,1621,3.95,4.00,1.07,1044.58,974.92,1023.50,0.00,0.00,6.00,504.00,3.00
0634,99110,1880,10,6,100,4,1000.00,242.32,1734,488,200.98,704,2.40,1.00,1.28,1162.78,908.44,798.50,6.50,1.08,3.25,1266.00,1.75
0635,139337,1884,10,4,100,2,1000.00,136.76,1229,784,154.80,425,6.00,8.00,0.96,971.14,1016.23,1055.25,5.00,0.00,3.50,924.00,2.00
0636,64686,1872,10,7,100,4,1000.00,258.94,1462,595,287.93,826,5.69,6.00,1.01,1009.28,994.78,1140.25,7.00,2.52,3.50,806.50,2.75
0637,234079,1893,10,2,100,3,1000.00,64.25,1100,865,69.23,220,3.98,9.00,1.00,997.97,1001.14,1004.50,8.00,0.00,3.00,977.50,3.00
0638,264328,1917,10,5,100,1,1000.00,44.16,1074,921,50.30,144,4.00,6.00,1.00,1001.58,999.11,1004.50,0.00,0.00,6.00,1071.00,0.00
0639,115252,1906,10,4,100,4,1000.00,204.06,2045,681,87.17,594,2.15,5.00,1.03,1021.89,987.69,915.50,7.50,2.02,2.25,973.50,4.25
0640,116418,1902,10,3,100,3,1000.00,213.61,1609,590,197.12,578,2.07,2.00,1.16,1096.53,945.70,758.25,5.33,1.53,3.00,1045.67,1.00
0641,85478,1889,10,8,100,5,1000.00,456.08,2267,443,300.56,1642,2.41,4.00,0.89,929.97,1039.39,1080.00,5.20,2.43,1.00,976.20,3.00
0642,383018,1893,10,4,100,1,1000.00,171.17,1530,861,77.53,538,1.55,6.00,0.94,957.42,1023.95,1093.75,0.00,0.00,6.00,1530.00,0.00
0643,126187,1887,10,7,100,2,1000.00,187.22,1702,834,119.34,802,4.79,7.00,1.03,1017.17,990.34,950.00,7.00,0.00,4.50,893.50,3.00
0644,137977,1897,10,5,100,3,1000.00,248.47,1826,620,117.03,526,1.62,2.00,1.26,1152.92,913.98,740.25,5.33,1.07,3.67,878.33,4.67
0645,211677,1898,10,2,100,2,1000.00,330.17,2342,762,151.53,989,3.90,6.00,0.90,935.81,1036.11,906.75,8.00,0.00,5.00,837.50,8.00
0646,643221,1881,10,2,100,1,1000.00,186.56,1989,773,88.67,669,1.69,1.00,1.31,1176.83,900.53,807.75,0.00,0.00,2.00,1223.00,1.00
0647,114109,1888,10,5,100,3,1000.00,1.25,1002,995,1.32,6,5.43,5.29,1.00,999.81,1000.11,1000.25,4.67,0.33,3.00,999.67,1.00
0648,104236,1868,10,8,100,5,1000.00,79.29,1125,857,86.60,251,4.88,3.00,1.00,1002.08,998.83,1086.00,7.80,1.76,1.80,986.80,2.00
0649,143186,1882,10,4,100,2,1000.00,132.27,1431,840,99.78,542,2.88,5.00,0.97,981.19,1010.58,1023.50,2.00,0.00,5.00,1007.00,3.00
0650,259484,1826,10,6,100,1,1000.00,94.71,1156,822,109.68,325,4.55,1.00,1.02,1009.92,994.42,1002.00,0.00,0.00,5.00,888.00,4.00
0651,158536,1854,10,3,100,2,1000.00,412.95,1813,229,148.22,431,1.69,6.00,1.15,1088.89,950.00,766.25,6.00,0.00,3.00,1386.00,1.00
0652,93199,1838,10,7,100,2,1000.00,322.86,1583,457,281.65,1091,5.15,6.00,0.99,993.89,1003.44,975.75,7.00,0.00,5.50,985.50,2.00
0653,156012,1788,10,8,100,1,1000.00,421.96,2096,548,243.10,1339,2.00,8.00,0.89,928.39,1040.28,1119.00,0.00,0.00,2.00,1283.00,4.00
0654,91480,1871,10,7,100,4,1000.00,269.87,1777,576,107.46,439,1.45,3.00,1.26,1153.97,913.39,790.00,9.50,2.48,0.25,1007.00,4.25
0655,96427,1864,10,5,100,4,1000.00,307.95,1531,469,369.50,1062,4.25,5.00,1.02,1014.33,991.94,1009.25,10.00,2.58,1.50,1151.75,2.50
0656,126372,1886,10,3,100,5,1000.00,228.61,1408,564,261.48,765,5.21,5.50,1.03,1021.36,987.98,827.75,5.33,1.20,1.00,969.33,2.33
0657,103093,1874,10,3,100,4,1000.00,304.92,2336,508,166.39,766,1.67,6.00,1.01,1003.42,998.08,885.75,8.00,1.35,2.33,1201.67,4.00
0658,111391,1848,10,5,100,3,1000.00,448.43,2056,439,285.30,1453,2.74,7.00,1.20,1119.33,932.88,935.25,8.67,1.68,2.33,1157.33,2.00
0659,155691,1863,10,3,100,3,1000.00,380.68,1840,502,435.44,1324,5.27,3.00,0.97,982.08,1010.08,1180.75,5.33,1.95,3.67,1108.00,1.33
0660,264973,1843,10,5,100,1,1000.00,361.01,2629,626,322.49,1782,3.52,3.00,1.16,1097.61,945.09,1030.50,0.00,0.00,6.00,780.00,3.00
0661,94125,1863,10,8,100,5,1000.00,363.95,2460,476,245.04,1158,4.96,5.00,1.08,1049.25,972.30,667.75,6.20,2.80,2.60,1254.60,1.20
0662,122261,1879,10,5,100,4,1000.00,83.90,1142,850,94.19,274,4.76,4.33,1.00,997.92,1001.17,1025.50,6.83,1.80,0.75,1001.75,2.00
0663,130926,1826,10,8,100,2,1000.00,189.89,1943,826,108.97,898,4.76,6.00,0.93,951.81,1027.11,982.25,4.00,0.00,4.00,1034.50,3.00
0664,355582,1866,10,4,100,1,1000.00,292.78,2195,603,121.06,500,1.92,6.00,1.06,1037.06,979.16,857.50,0.00,0.00,5.00,676.00,7.00
0665,187337,1896,10,4,100,2,1000.00,459.35,1995,325,501.78,1381,5.21,4.00,0.91,941.33,1033.00,972.50,6.00,0.00,5.00,1253.00,0.50
0666,336411,1853,10,5,100,1,1000.00,395.52,2358,541,125.44,598,1.60,4.00,1.12,1075.17,957.72,624.75,0.00,0.00,7.00,585.00,8.00
0667,70885,1836,10,8,100,5,1000.00,6.83,1010,988,7.84,20,4.73,4.50,1.00,999.53,1000.27,1004.25,5.60,1.79,1.20,1000.80,1.40
0668,241092,1850,10,4,100,1,1000.00,439.67,1820,415,517.71,1367,4.15,7.00,0.98,984.14,1008.92,1326.50,0.00,0.00,7.00,537.00,5.00
0669,110164,1859,10,3,100,5,1000.00,255.98,1948,609,156.48,537,1.79,4.00,1.14,1086.67,951.25,770.50,4.67,0.84,3.00,1157.67,2.33
0670,125057,1844,10,7,100,5,1000.00,374.05,2316,477,366.18,1528,5.77,6.00,0.98,983.97,1009.02,619.75,5.20,1.23,1.60,946.00,1.60
0671,107628,1833,10,5,100,4,1000.00,449.94,2085,501,294.21,1488,2.91,4.00,0.95,968.44,1017.75,1011.50,8.67,1.78,2.00,687.75,5.25
0672,73042,1812,10,8,100,5,1000.00,287.88,2042,591,160.51,540,1.69,7.00,0.96,971.64,1015.95,1054.75,8.20,1.90,2.20,1043.40,4.00
0673,148127,1868,10,2,100,4,1000.00,564.92,2933,303,291.36,1110,1.97,5.00,0.96,973.56,1014.88,1090.25,8.00,0.00,2.00,722.50,6.00
0674,228560,1882,10,3,100,3,1000.00,533.25,2224,234,449.49,1979,2.91,2.00,1.54,1287.86,838.08,924.00,6.67,1.84,1.00,1040.00,2.67
0675,306179,1864,10,2,100,4,1000.00,414.26,2843,410,318.28,1250,2.41,8.00,0.99,996.67,1001.88,939.25,6.00,0.00,4.00,1467.50,1.50
0676,122336,1872,10,5,100,4,1000.00,283.93,1502,550,322.20,946,4.02,4.00,0.92,948.44,1029.00,1070.50,3.50,0.41,3.75,1113.00,0.75
0677,214777,1870,10,4,100,1,1000.00,271.38,1523,594,303.67,888,5.22,4.00,1.05,1028.36,984.05,994.50,0.00,0.00,4.00,1481.00,0.00
0678,157294,1857,10,3,100,5,1000.00,285.12,2094,541,164.56,664,1.64,4.00,1.20,1121.47,931.67,734.00,9.33,3.34,1.67,1209.67,3.00
0679,256355,1849,10,5,100,1,1000.00,161.75,1223,692,179.38,525,5.80,5.50,1.00,1000.58,999.67,984.00,0.00,0.00,3.00,1032.00,5.00
0680,121142,1873,10,6,100,4,1000.00,546.45,2429,323,150.83,596,1.62,3.00,1.30,1175.06,901.53,659.75,8.83,1.85,0.25,732.50,4.75
0681,81255,1860,10,7,100,5,1000.00,249.56,1458,544,273.46,869,5.16,6.00,0.93,954.64,1025.52,1034.75,8.20,2.43,1.00,836.00,2.80
0682,189963,1881,10,5,100,4,1000.00,238.24,1819,531,163.61,585,2.05,2.00,1.27,1157.67,911.31,684.00,5.00,1.41,2.00,977.75,3.50
0683,109324,1884,10,4,100,3,1000.00,284.27,2166,577,167.56,641,1.65,2.00,1.35,1198.92,888.11,795.50,8.67,1.92,1.67,1088.00,3.33
0684,325520,1839,10,2,100,1,1000.00,380.55,2199,456,187.68,601,1.70,5.00,1.22,1128.61,927.66,700.00,0.00,0.00,7.00,776.00,4.00
0685,96818,1855,10,5,100,2,1000.00,402.59,2056,498,235.10,1308,2.02,3.00,0.92,944.00,1031.50,961.75,10.00,0.00,3.00,808.00,6.00
0686,91695,1866,10,4,100,4,1000.00,295.42,2181,614,283.29,1321,3.94,5.00,1.06,1036.72,979.34,979.00,4.67,1.63,3.50,996.00,1.75
0687,254605,1862,10,5,100,1,1000.00,296.37,2640,613,184.93,991,1.70,4.00,1.19,1116.11,934.69,897.75,0.00,0.00,4.00,731.00,5.00
0688,84194,1863,10,5,100,3,1000.00,394.52,3097,447,289.15,1473,2.05,5.00,1.00,999.44,1000.31,848.25,10.00,0.96,2.33,729.00,5.67
0689,149599,1876,10,4,100,2,1000.00,561.61,2204,314,639.53,1772,3.98,4.00,1.18,1107.42,939.58,919.50,5.00,0.00,5.50,659.00,2.50
0690,67227,1871,10,5,100,2,1000.00,338.57,2115,527,334.75,1552,5.44,7.00,0.94,962.06,1021.34,1028.25,12.00,0.00,1.00,1550.50,0.50
0691,137901,1875,10,5,100,3,1000.00,320.10,2396,628,123.67,730,1.77,8.00,0.98,987.69,1006.92,955.50,10.00,3.37,0.67,1113.00,4.67
0692,133523,1875,10,3,100,2,1000.00,309.80,2001,459,241.21,790,2.48,5.00,1.09,1058.31,967.20,914.00,7.00,0.00,4.50,660.50,4.00
0693,167720,1876,10,5,100,2,1000.00,256.40,1653,625,107.04,377,2.51,5.00,1.26,1154.58,913.05,799.00,9.00,0.00,4.50,730.50,5.50
0694,99386,1869,10,6,100,4,1000.00,73.14,1118,861,78.93,230,3.76,5.00,1.04,1026.94,984.84,951.00,6.00,1.91,4.00,953.25,2.25
0695,192433,1891,10,6,100,3,1000.00,403.13,2581,452,188.72,886,1.62,4.00,1.07,1042.86,975.89,778.50,6.67,2.89,4.00,1060.33,2.33
0696,78617,1875,10,4,100,5,1000.00,244.11,1495,531,133.53,676,3.29,5.00,1.07,1043.89,975.31,835.75,6.83,0.71,1.75,1094.50,2.50
0697,150600,1854,10,8,100,2,1000.00,234.65,1520,638,88.33,447,2.00,9.00,1.19,1111.42,937.33,933.75,4.00,0.00,6.00,1216.50,1.00
0698,142197,1835,10,5,100,1,1000.00,250.00,1450,558,287.93,823,3.97,6.00,0.98,985.47,1008.17,905.50,0.00,0.00,5.00,827.00,1.00
0699,123564,1861,10,5,100,2,1000.00,490.79,2139,179,178.61,539,1.97,7.00,1.18,1109.53,938.39,709.25,7.00,0.00,3.50,645.50,6.50
0700,124533,1866,10,8,100,3,1000.00,392.89,1779,393,321.47,1193,2.81,6.00,1.12,1070.97,960.08,666.75,7.33,0.58,3.00,1403.67,2.33
0701,117410,1837,10,8,100,3,1000.00,391.36,1767,242,157.74,526,2.18,5.00,1.28,1161.81,908.98,709.75,7.33,1.64,2.33,641.00,5.00
0702,132529,1868,10,5,100,2,1000.00,258.80,1562,538,231.44,721,2.05,3.50,1.12,1071.50,959.78,841.75,1.00,0.00,6.50,794.00,2.50
0703,108220,1869,10,3,100,5,1000.00,302.75,2324,605,195.05,666,1.74,4.00,1.22,1131.58,925.98,804.50,4.00,0.67,1.33,1481.67,1.33
0704,154854,1889,10,4,100,2,1000.00,321.51,1524,541,370.08,950,5.29,6.00,0.85,898.97,1056.83,1054.00,15.00,0.00,1.50,973.50,3.00
0705,156912,1843,10,3,100,3,1000.00,319.11,1539,517,373.89,1003,5.06,7.00,0.93,955.53,1025.02,859.25,7.33,2.17,2.67,1029.67,2.67
0706,132802,1866,10,6,100,2,1000.00,176.25,1294,672,207.44,587,4.25,6.00,0.98,988.42,1006.52,1026.00,12.00,0.00,3.00,1122.50,0.50
0707,186946,1882,10,3,100,3,1000.00,167.56,1262,711,209.03,534,4.15,2.00,1.04,1025.81,985.48,1024.25,3.33,1.00,3.00,957.33,0.67
0708,122098,1863,10,7,100,3,1000.00,128.54,1212,790,151.43,408,5.21,6.00,1.01,1006.64,996.27,975.25,6.67,0.96,2.33,1039.33,1.67
0709,330547,1880,10,2,100,5,1000.00,270.52,1627,530,113.38,405,1.67,2.00,1.51,1275.36,845.11,600.50,1.00,0.00,5.50,1002.50,3.50
0710,118398,1843,10,7,100,3,1000.00,771.92,3560,303,380.83,1714,1.62,5.00,1.11,1068.28,961.59,689.25,5.33,1.95,4.33,1568.67,1.67
0711,167503,1895,10,4,100,2,1000.00,231.13,1579,672,187.73,783,2.53,3.00,0.98,984.94,1008.47,940.25,2.00,0.00,4.00,1217.00,1.00
0712,191573,1834,10,7,100,1,1000.00,191.29,1319,653,217.16,659,4.86,8.00,1.02,1014.67,991.75,946.75,0.00,0.00,4.00,1132.00,1.00
0713,101611,1871,10,4,100,5,1000.00,349.98,1554,463,422.39,1065,3.93,5.00,1.06,1039.25,977.92,943.75,4.67,0.91,5.50,898.25,2.25
0714,202265,1867,10,3,100,1,1000.00,215.87,1365,654,232.12,646,3.55,4.00,0.97,983.83,1009.09,837.00,0.00,0.00,2.00,1185.00,2.00
0715,202550,1867,10,2,100,5,1000.00,326.00,1938,457,306.26,831,2.81,3.00,1.03,1017.58,990.11,793.50,13.00,0.00,1.50,623.00,5.00
0716,121118,1878,10,2,100,3,1000.00,480.64,1925,318,552.99,1535,4.81,7.00,1.09,1054.36,969.42,556.75,7.00,0.00,5.50,940.00,1.00
0717,103585,1844,10,3,100,3,1000.00,371.25,1678,307,144.27,438,1.82,5.00,1.25,1148.92,916.23,676.50,6.00,2.08,2.33,927.33,4.33
0718,98280,1854,10,6,100,3,1000.00,217.95,1777,556,128.55,548,2.10,5.00,1.19,1111.11,937.50,731.50,6.67,1.76,3.00,898.67,3.67
0719,87853,1856,10,6,100,2,1000.00,368.30,1743,428,402.59,1269,4.88,5.00,1.06,1038.25,978.48,1277.25,6.00,0.00,5.00,1193.00,2.00
0720,110660,1852,10,7,100,5,1000.00,245.30,2280,654,124.16,775,1.57,2.00,1.33,1190.89,892.62,825.00,7.40,1.28,1.80,1060.40,4.00
0721,258344,1855,10,4,100,1,1000.00,17.39,1027,963,20.63,56,5.26,5.00,1.00,1001.08,999.39,991.75,0.00,0.00,1.00,982.00,2.00
0722,97876,1848,10,7,100,2,1000.00,206.86,2096,666,123.61,738,2.79,4.00,1.18,1106.78,939.94,808.00,3.00,0.00,5.50,979.50,2.00
0723,88634,1870,10,5,100,5,1000.00,208.91,1749,657,115.30,547,1.97,3.00,1.19,1115.78,934.88,818.75,8.60,1.40,0.40,1008.40,3.20
0724,307568,1838,10,5,100,1,1000.00,403.58,1947,465,120.09,405,1.69,6.00,1.06,1037.39,978.97,872.25,0.00,0.00,5.00,1939.00,0.00
0725,141570,1881,10,5,100,3,1000.00,357.56,1811,625,81.40,274,1.55,6.00,1.07,1045.53,974.39,887.50,4.00,1.39,2.33,848.67,6.33
0726,88511,1800,10,7,100,3,1000.00,547.37,1978,337,303.46,1420,2.48,5.00,0.99,995.92,1002.30,839.50,5.33,1.35,4.33,1320.00,1.67
0727,256575,1851,10,5,100,1,1000.00,785.70,2885,226,290.81,1374,1.55,4.00,1.52,1281.94,841.41,544.50,0.00,0.00,5.00,229.00,6.00
0728,94154,1868,10,6,100,3,1000.00,446.80,1832,375,500.77,1299,4.07,5.00,1.00,1001.83,998.97,998.75,5.33,1.33,2.00,1177.00,2.00
0729,213821,1878,10,3,100,2,1000.00,493.58,2213,254,208.50,759,1.62,7.00,1.21,1125.00,929.69,763.75,7.00,0.00,3.50,742.50,7.50
0730,96063,1866,10,3,100,5,1000.00,166.00,1764,666,66.76,495,1.62,4.00,1.11,1068.78,961.31,828.25,6.00,0.88,5.00,812.67,6.00
0731,137339,1885,10,4,100,3,1000.00,222.74,1818,618,96.16,503,1.74,2.00,1.22,1131.75,925.89,756.50,8.00,3.10,1.00,1074.67,2.33
0732,164989,1873,10,3,100,3,1000.00,209.91,1556,644,70.73,250,2.44,6.00,1.07,1041.44,976.69,868.50,6.00,1.20,3.00,963.67,4.33
0733,197056,1885,10,3,100,4,1000.00,591.35,2922,401,413.82,2487,1.85,5.00,0.76,833.47,1093.67,1207.75,6.67,2.00,2.00,626.33,7.00
0734,171340,1850,10,8,100,3,1000.00,286.24,1625,560,87.74,253,1.62,5.00,1.08,1052.53,970.45,827.75,6.00,0.67,2.00,1209.00,2.00
0735,131099,1889,10,4,100,4,1000.00,383.29,1686,437,446.14,1208,4.50,8.00,0.92,947.67,1029.44,1170.25,8.67,1.29,1.50,1235.50,2.25
0736,197400,1828,10,6,100,1,1000.00,286.56,2105,569,307.88,1341,4.21,4.00,1.20,1119.86,932.58,961.25,0.00,0.00,1.00,1094.00,2.00
0737,397365,1872,10,2,100,2,1000.00,367.58,1498,589,112.81,897,2.13,3.00,1.48,1263.22,851.94,740.75,8.00,0.00,5.00,876.50,5.50
0738,155416,1843,10,6,100,2,1000.00,600.80,2630,223,512.75,2045,2.17,4.00,0.89,930.14,1039.30,1009.75,13.00,0.00,2.50,538.00,4.00
0739,123691,1855,10,3,100,4,1000.00,258.86,2053,753,88.31,730,1.55,5.00,1.09,1057.11,967.88,869.50,9.33,1.95,2.67,936.67,3.33
0740,275283,1856,10,4,100,1,1000.00,253.90,1763,542,169.87,543,1.92,4.00,1.06,1037.56,978.88,773.00,0.00,0.00,5.00,604.00,5.00
0741,218134,1867,10,7,100,2,1000.00,516.06,2211,372,143.31,694,1.69,4.00,1.03,1021.64,987.83,828.00,5.00,0.00,2.50,1695.00,1.50
0742,419773,1866,10,2,100,5,1000.00,366.88,1830,403,157.01,411,1.45,1.00,1.79,1391.92,779.55,525.00,2.00,0.00,6.00,838.00,4.00
0743,280194,1815,10,8,100,1,1000.00,402.15,1762,365,438.33,1327,5.06,7.00,0.82,874.83,1070.41,1030.50,0.00,0.00,6.00,1129.00,1.00
0744,111909,1859,10,5,100,2,1000.00,322.46,2467,480,281.76,1182,2.64,5.00,1.02,1012.64,992.89,986.00,7.00,0.00,5.50,976.00,4.50
0745,72036,1851,10,6,100,5,1000.00,459.82,1928,307,559.98,1621,5.75,7.00,0.94,959.11,1023.00,910.75,6.80,1.77,1.20,690.00,2.40
0746,248560,1831,10,6,100,1,1000.00,438.37,1970,391,511.51,1579,4.38,6.00,1.04,1022.97,987.08,1201.75,0.00,0.00,8.00,898.00,1.00
0747,206643,1885,10,3,100,3,1000.00,287.06,2299,567,267.24,1034,3.01,6.00,1.02,1010.78,993.94,1028.00,7.33,0.77,2.67,1017.33,2.33
0748,336890,1861,10,3,100,1,1000.00,254.36,1822,567,152.49,418,1.67,3.00,1.23,1138.11,922.31,810.75,0.00,0.00,6.00,611.00,6.00
0749,189623,1870,10,3,100,3,1000.00,25.69,1040,948,29.58,91,4.20,5.00,1.00,1000.06,999.97,1006.00,4.67,1.20,3.00,984.67,2.33
0750,83369,1845,10,8,100,4,1000.00,145.75,1228,743,175.86,466,4.14,6.00,0.95,970.67,1016.50,1037.25,3.00,0.41,3.50,1063.75,1.25
0751,110012,1874,10,3,100,5,1000.00,153.75,1247,718,188.49,476,3.98,3.00,1.01,1004.31,997.58,858.25,8.00,2.34,3.33,1081.33,2.00
0752,74313,1875,10,4,100,3,1000.00,240.52,1776,618,243.97,913,3.72,6.00,0.98,984.36,1008.80,1185.00,6.67,1.71,1.00,981.67,2.00
0753,108100,1865,10,6,100,3,1000.00,381.54,1702,401,441.93,1257,4.60,7.00,0.93,955.42,1025.08,1072.75,8.67,2.19,2.00,1278.00,0.67
0754,197630,1859,10,2,100,4,1000.00,202.08,1360,676,230.95,657,4.73,5.00,1.03,1016.08,990.95,902.00,6.00,0.00,5.00,865.50,2.50
0755,171347,1850,10,8,100,4,1000.00,202.97,1602,597,147.93,537,2.73,3.00,1.15,1092.56,947.94,854.75,7.00,1.83,0.50,929.25,3.25
0756,286046,1848,10,5,100,1,1000.00,471.13,1899,377,552.94,1471,5.42,8.00,0.77,837.61,1091.34,652.50,0.00,0.00,5.00,1041.00,1.00
0757,302146,1822,10,6,100,1,1000.00,243.52,1542,586,103.93,338,1.45,3.00,1.48,1261.61,852.84,627.25,0.00,0.00,6.00,847.00,5.00
0758,100851,1877,10,3,100,2,1000.00,317.50,1564,493,388.47,1037,4.74,4.00,1.02,1010.11,994.31,1084.50,8.00,0.00,3.00,683.50,1.50
0759,75591,1831,10,8,100,5,1000.00,308.00,1748,497,279.20,1082,2.51,6.00,1.19,1116.08,934.70,871.50,8.40,2.95,3.20,749.20,5.00
0760,221011,1854,10,3,100,2,1000.00,384.14,1796,237,156.07,464,1.82,6.00,1.26,1152.50,914.22,679.25,6.00,0.00,5.00,949.00,3.00
0761,311428,1855,10,4,100,1,1000.00,510.44,2557,326,535.19,2169,4.26,5.00,0.81,871.03,1072.55,1060.25,0.00,0.00,6.00,1256.00,1.00
0762,117362,1872,10,3,100,5,1000.00,265.79,2070,583,116.75,523,2.02,5.00,1.01,1005.36,996.98,927.75,7.33,0.67,3.33,922.67,7.00
0763,83315,1814,10,8,100,5,1000.00,401.95,3273,414,283.12,1642,2.10,2.00,1.42,1233.64,868.58,727.00,6.40,1.44,4.00,908.80,3.80
0764,132032,1870,10,4,100,2,1000.00,121.30,1531,962,36.09,564,4.87,8.00,0.96,973.11,1015.12,972.75,9.00,0.00,4.50,1245.00,3.50
0765,177347,1883,10,3,100,2,1000.00,158.60,1285,526,72.48,407,3.21,2.00,1.15,1092.64,947.89,807.75,7.00,0.00,2.50,1026.50,2.00
0766,158338,1863,10,4,100,3,1000.00,220.08,1717,638,94.41,348,1.60,4.00,1.10,1061.97,965.14,843.25,10.00,2.83,1.33,927.67,4.67
0767,108809,1874,10,4,100,5,1000.00,493.93,2081,301,558.98,1674,4.45,6.00,0.92,950.33,1027.94,960.25,6.33,1.50,2.00,992.00,1.25
0768,185542,1829,10,6,100,1,1000.00,522.89,1925,308,600.43,1563,4.50,6.00,1.09,1058.03,967.36,739.50,0.00,0.00,6.00,408.00,1.00
0769,365271,1900,10,2,100,3,1000.00,481.88,2293,393,454.54,1405,5.26,5.00,1.03,1021.64,987.83,1058.50,11.00,0.00,1.50,477.50,4.00
0770,168004,1890,10,7,100,2,1000.00,226.15,1705,763,68.87,525,2.00,5.00,1.00,1002.61,998.53,866.50,5.00,0.00,5.50,828.00,6.50
0771,86299,1877,10,6,100,5,1000.00,406.26,1753,351,478.19,1346,4.93,3.00,1.07,1045.00,974.69,986.00,5.20,1.59,3.20,968.40,1.80
0772,85940,1873,10,4,100,5,1000.00,278.83,1590,470,170.71,703,2.10,4.00,1.26,1151.19,914.95,802.00,9.00,1.47,2.00,951.00,4.00
0773,219731,1870,10,2,100,4,1000.00,549.24,2428,291,432.97,1733,2.36,6.00,0.93,955.67,1024.94,933.50,8.00,0.00,3.00,1474.00,2.00
0774,193548,1883,10,6,100,2,1000.00,374.55,1837,466,436.49,1259,4.23,5.00,0.99,994.58,1003.05,999.50,14.00,0.00,0.00,640.50,2.50
0775,199104,1867,10,8,100,5,1000.00,170.27,1474,682,81.91,267,2.76,5.00,1.11,1068.03,961.73,829.00,4.00,0.97,1.00,1076.00,2.40
0776,141190,1924,10,5,100,3,1000.00,259.60,1870,552,155.73,546,2.15,5.00,1.09,1057.67,967.56,961.00,6.00,0.58,2.00,1124.67,1.33
0777,183967,1890,10,4,100,2,1000.00,307.01,1887,542,262.09,1261,1.85,5.00,0.93,951.50,1027.28,843.50,12.00,0.00,3.00,802.00,4.50
0778,149110,1878,10,2,100,5,1000.00,359.31,2502,515,161.71,1105,1.62,4.00,1.16,1094.42,946.89,778.25,5.00,0.00,2.50,1081.00,1.50
0779,193525,1886,10,3,100,1,1000.00,25.80,1042,952,30.99,87,4.43,7.00,1.01,1003.61,997.97,976.50,0.00,0.00,5.00,1007.00,2.00
0780,131108,1872,10,3,100,2,1000.00,130.90,1192,782,157.82,388,4.61,5.00,0.99,994.94,1002.84,913.50,6.00,0.00,2.00,978.00,1.00
0781,138797,1869,10,6,100,4,1000.00,263.44,1412,513,322.04,796,5.39,4.00,0.89,924.97,1042.20,634.75,4.33,1.29,2.00,928.50,3.25
0782,121187,1891,10,4,100,3,1000.00,480.02,2247,411,452.44,1709,2.53,5.00,0.94,958.33,1023.44,1314.25,6.00,1.26,0.67,424.33,2.00
0783,117384,1884,10,4,100,3,1000.00,495.51,1910,292,179.72,880,2.45,6.00,1.17,1100.14,943.67,930.75,8.67,2.52,2.33,571.33,5.33
0784,117969,1858,10,5,100,4,1000.00,301.04,1560,508,348.63,987,5.36,4.00,1.09,1056.39,968.28,1276.00,6.50,2.04,0.75,1051.25,1.75
0785,327407,1855,10,4,100,1,1000.00,271.88,2444,631,166.69,895,3.19,2.00,1.29,1167.19,905.95,729.25,0.00,0.00,8.00,796.00,5.00
0786,417654,1864,10,2,100,2,1000.00,479.79,2177,382,373.34,1717,2.26,6.50,0.89,924.92,1042.23,925.75,12.00,0.00,1.00,719.50,3.00
0787,110633,1844,10,4,100,1,1000.00,95.43,1168,832,109.86,311,5.36,7.00,0.99,996.61,1001.91,1050.25,0.00,0.00,5.00,992.00,1.00
0788,110901,1788,10,8,100,1,1000.00,568.00,2758,252,449.79,2261,2.60,6.00,0.80,863.06,1077.03,1034.25,0.00,0.00,5.00,2758.00,0.00
0789,133859,1887,10,4,100,3,1000.00,417.84,2517,606,172.26,942,1.60,4.00,1.48,1262.06,852.59,624.50,4.00,0.51,3.33,970.33,4.33
0790,512754,1889,10,2,100,4,1000.00,208.13,1897,687,67.94,489,2.30,9.00,1.09,1055.14,968.98,1058.50,8.00,0.00,4.00,824.00,7.00
0791,202706,1892,10,2,100,5,1000.00,477.62,2273,397,372.78,1678,2.07,4.00,0.90,936.53,1035.70,967.75,6.00,0.00,4.00,588.00,4.00
0792,210220,1882,10,5,100,2,1000.00,221.83,1955,669,128.94,549,1.55,3.00,1.24,1141.11,920.62,787.50,8.00,0.00,2.00,1191.00,2.00
0793,94358,1860,10,5,100,5,1000.00,459.21,1973,382,314.33,1384,4.26,8.00,0.87,913.11,1048.88,1165.00,7.00,0.84,1.00,907.20,3.20
0794,225451,1871,10,3,100,5,1000.00,243.07,1759,609,190.92,640,2.02,3.00,1.26,1154.58,913.05,939.25,5.33,1.68,3.33,878.33,2.33
0795,136678,1875,10,5,100,2,1000.00,236.56,1432,608,278.99,800,4.71,5.00,0.99,996.47,1001.98,1106.00,9.00,0.00,0.50,971.00,1.00
0796,387423,1865,10,2,100,3,1000.00,209.15,1318,631,241.08,674,3.67,5.00,1.09,1054.47,969.36,978.50,6.00,0.00,4.00,997.00,2.50
0797,79107,1863,10,4,100,4,1000.00,293.33,1655,332,145.96,655,1.93,6.00,1.15,1092.83,947.78,749.50,7.17,0.91,1.75,1020.50,4.00
0798,69492,1849,10,4,100,5,1000.00,148.29,1262,762,159.72,457,4.91,8.00,0.97,981.92,1010.17,1069.75,8.83,2.96,2.25,1015.25,0.75
0799,195891,1803,10,8,100,1,1000.00,363.82,2087,467,191.99,934,1.67,3.00,1.44,1244.08,862.70,675.25,0.00,0.00,4.00,1467.00,1.00
0800,159365,1871,10,6,100,5,1000.00,280.73,1873,571,210.49,723,2.33,5.00,1.05,1031.92,982.05,888.50,7.00,1.23,0.80,1023.00,2.80
0801,156611,1879,10,5,100,5,1000.00,164.84,1396,643,92.49,293,3.39,5.00,1.04,1024.94,985.97,952.50,6.00,2.05,2.00,1023.80,2.40
0802,320533,1858,10,2,100,1,1000.00,507.05,2167,334,569.79,1648,4.94,5.00,1.07,1044.17,975.16,1203.25,0.00,0.00,5.00,1078.00,3.00
0803,333002,1860,10,3,100,1,1000.00,408.55,1821,354,126.95,490,1.62,9.00,1.12,1074.03,958.36,865.00,0.00,0.00,2.00,738.00,6.00
0804,165248,1839,10,5,100,1,1000.00,125.05,1217,737,161.41,429,4.93,8.00,1.01,1003.47,998.05,1106.25,0.00,0.00,8.00,800.00,2.00
0805,219585,1881,10,5,100,3,1000.00,501.22,1975,222,527.37,1525,2.60,4.00,1.17,1099.75,943.89,1024.50,10.00,2.87,2.33,870.00,5.00
0806,108186,1843,10,4,100,5,1000.00,287.45,1904,589,119.88,437,1.62,6.00,1.07,1041.89,976.44,855.00,3.83,1.49,4.25,754.75,6.25
0807,91239,1821,10,7,100,3,1000.00,85.28,1146,848,100.88,298,4.60,3.00,1.01,1006.94,996.09,960.50,8.00,1.45,3.33,1030.67,1.33
0808,176719,1864,10,2,100,3,1000.00,466.17,2049,449,128.41,426,1.60,5.00,1.22,1131.44,926.06,731.75,4.00,0.00,5.00,635.00,6.00
0809,129038,1876,10,2,100,4,1000.00,492.95,1967,331,562.32,1604,4.88,5.00,0.87,911.14,1049.98,844.25,12.00,0.00,2.00,428.00,1.50
0810,212297,1871,10,3,100,1,1000.00,501.29,2039,311,551.87,1682,4.68,3.00,0.87,914.83,1047.91,1231.00,0.00,0.00,3.00,2039.00,0.00
0811,72159,1871,10,4,100,3,1000.00,418.26,1881,409,501.67,1448,4.50,3.00,1.00,998.11,1001.06,989.00,5.33,1.53,5.00,915.33,1.67
0812,75345,1833,10,7,100,5,1000.00,173.41,1581,700,91.97,311,1.82,3.00,1.16,1096.19,945.89,867.75,8.20,3.46,2.20,922.80,4.60
0813,176592,1891,10,6,100,3,1000.00,244.29,1674,570,157.63,709,1.98,4.00,1.23,1135.81,923.61,740.75,5.33,1.35,3.67,900.00,3.00
0814,77259,1817,10,8,100,4,1000.00,336.82,1920,456,234.97,842,1.85,5.00,1.06,1039.11,978.00,1018.50,7.50,3.45,2.25,830.75,6.75
0815,236111,1864,10,3,100,5,1000.00,184.77,1647,681,76.61,392,1.83,5.00,1.00,997.56,1001.38,972.25,6.00,0.51,2.33,1008.00,4.00
0816,171073,1867,10,3,100,4,1000.00,382.81,1651,410,420.39,1143,3.55,3.00,1.07,1042.86,975.89,1274.75,7.33,2.36,1.33,780.00,1.67
0817,91954,1861,10,3,100,4,1000.00,121.94,1216,784,127.25,400,4.51,4.00,1.02,1014.86,991.64,953.75,8.00,1.20,1.33,1129.33,1.00
0818,101833,1839,10,3,100,5,1000.00,194.08,1533,679,123.34,365,1.82,5.00,1.06,1035.53,980.02,861.25,3.33,0.77,6.33,1335.33,0.33
0819,151220,1838,10,5,100,1,1000.00,303.79,1680,553,323.31,879,3.70,7.00,0.97,977.92,1012.42,1038.25,0.00,0.00,5.00,608.00,3.00
0820,185625,1838,10,8,100,2,1000.00,221.91,1515,591,98.20,509,1.75,4.00,1.20,1121.31,931.77,813.75,5.00,0.00,4.50,1048.00,5.50
0821,327003,1879,10,2,100,5,1000.00,536.52,2226,237,160.67,559,1.55,5.00,1.15,1092.56,947.94,852.75,12.00,0.00,3.00,891.50,4.00
0822,177111,1845,10,6,100,1,1000.00,483.04,1961,332,515.22,1535,5.70,7.00,0.78,843.47,1088.05,944.50,0.00,0.00,6.00,1259.00,4.00
0823,235745,1864,10,3,100,1,1000.00,431.84,1842,311,487.59,1423,4.40,3.00,1.05,1033.72,981.03,977.50,0.00,0.00,4.00,1024.00,1.00
0824,248156,1886,10,2,100,2,1000.00,42.09,1070,924,52.66,139,4.35,4.00,0.99,994.94,1002.84,1010.00,7.00,0.00,2.50,1013.00,2.50
0825,117861,1882,10,5,100,5,1000.00,611.00,3388,597,178.07,1627,1.55,6.00,0.98,985.03,1008.42,752.25,6.40,1.80,2.80,1071.40,4.80
0826,299855,1859,10,3,100,2,1000.00,424.57,1919,320,156.99,515,1.62,4.00,1.21,1123.17,930.72,742.75,9.00,0.00,4.50,1307.50,2.50
0827,133199,1883,10,4,100,4,1000.00,310.85,1816,472,234.53,747,2.26,2.00,1.23,1135.28,923.91,739.25,5.67,1.38,1.00,1010.00,2.25
0828,200103,1848,10,4,100,1,1000.00,202.01,1759,646,103.75,452,2.66,4.00,1.03,1019.42,989.08,910.25,0.00,0.00,6.00,690.00,8.00
0829,586834,1881,10,2,100,4,1000.00,334.38,1411,666,84.09,712,2.50,5.00,1.05,1029.33,983.50,1006.25,9.00,0.00,3.50,1382.00,1.00
0830,172060,1872,10,7,100,3,1000.00,395.53,1837,404,126.74,575,1.65,6.00,1.23,1138.06,922.34,792.00,8.67,2.46,2.33,920.33,4.67
0831,130213,1806,10,7,100,1,1000.00,150.08,1250,749,175.21,480,3.93,5.00,1.04,1023.00,987.06,901.75,0.00,0.00,3.00,1094.00,1.00
0832,259497,1886,10,2,100,2,1000.00,268.21,1599,467,117.92,375,2.00,3.00,1.40,1224.25,873.86,597.25,3.00,0.00,5.50,676.00,5.00
0833,155621,1837,10,8,100,2,1000.00,283.60,1539,525,323.39,955,4.51,4.00,1.04,1023.67,986.69,981.75,3.00,0.00,1.50,1014.50,1.50
0834,115294,1860,10,3,100,3,1000.00,505.84,2204,640,85.51,678,1.60,8.00,0.94,960.53,1022.20,1030.50,2.00,0.69,7.33,647.00,12.33
0835,277848,1829,10,8,100,1,1000.00,266.45,1591,601,101.34,301,1.82,2.00,1.28,1160.19,909.89,786.75,0.00,0.00,7.00,702.00,7.00
0836,166707,1858,10,6,100,2,1000.00,744.90,5233,402,399.77,2372,2.21,5.00,0.75,822.31,1099.95,800.75,10.00,0.00,3.00,643.50,4.00
0837,138427,1886,10,5,100,3,1000.00,155.46,1234,730,185.34,500,4.63,5.00,1.03,1016.19,990.89,986.25,4.67,1.45,4.33,999.67,0.67
0838,256965,1826,10,8,100,1,1000.00,125.57,1256,930,23.54,322,2.14,6.00,0.97,981.44,1010.44,1017.75,0.00,0.00,4.00,1255.00,0.00
0839,66295,1800,10,8,100,5,1000.00,391.88,1798,364,304.51,1223,2.91,2.00,1.16,1094.36,946.92,723.50,8.40,3.21,2.00,1209.40,3.00
0840,155356,1857,10,6,100,2,1000.00,172.05,1455,921,64.70,533,1.75,1.00,1.17,1104.03,941.48,935.50,5.00,0.00,1.50,1184.50,0.50
0841,224226,1823,10,7,100,1,1000.00,582.11,2461,273,205.01,785,2.00,8.00,1.04,1024.64,986.14,858.00,0.00,0.00,3.00,615.00,7.00
0842,123188,1879,10,5,100,4,1000.00,87.86,1136,846,111.87,277,4.82,8.00,1.00,997.69,1001.30,1047.25,5.17,1.80,1.75,891.00,1.75
0843,114681,1851,10,4,100,3,1000.00,215.87,1572,685,66.93,323,1.55,5.00,1.04,1024.97,985.95,909.75,10.00,3.76,1.00,982.67,5.00
0844,124920,1785,10,8,100,2,1000.00,436.26,3050,369,241.71,1193,2.33,7.00,0.97,979.39,1011.59,911.50,13.00,0.00,1.50,1096.00,5.50
0845,305679,1820,10,8,100,1,1000.00,169.66,1601,696,71.77,300,2.03,6.00,1.04,1023.22,986.94,936.25,0.00,0.00,5.00,1004.00,6.00
0846,105402,1859,10,6,100,4,1000.00,256.15,1981,605,171.89,649,1.67,2.00,1.29,1168.78,905.06,722.75,5.67,1.78,2.50,1098.75,2.75
0847,105381,1850,10,6,100,4,1000.00,289.73,1688,578,193.14,872,1.82,5.00,1.16,1096.56,945.69,793.75,5.17,1.55,2.75,943.25,5.50
0848,109021,1849,10,8,100,4,1000.00,567.09,2451,284,237.33,777,1.60,3.00,1.60,1313.89,823.44,579.25,8.83,1.78,1.25,838.50,4.75
0849,220516,1827,10,6,100,1,1000.00,414.86,1839,401,466.06,1343,4.93,2.00,0.91,941.92,1032.67,904.75,0.00,0.00,5.00,430.00,2.00
0850,97730,1825,10,8,100,5,1000.00,501.85,1860,264,563.03,1498,4.03,5.00,0.84,888.67,1062.62,735.25,8.60,2.28,1.80,580.20,2.20
0851,152187,1884,10,4,100,5,1000.00,241.52,1779,568,197.08,601,2.06,8.00,0.97,981.50,1010.41,1084.50,4.83,0.71,2.25,1233.75,2.00
0852,294264,1871,10,4,100,1,1000.00,282.02,1823,538,227.92,704,2.73,5.00,0.97,982.81,1009.67,804.50,0.00,0.00,4.00,1027.00,4.00
0853,124233,1830,10,8,100,2,1000.00,284.54,1523,496,324.22,915,5.22,5.00,0.93,956.39,1024.53,959.75,5.00,0.00,5.50,602.50,3.00
0854,217812,1856,10,7,100,2,1000.00,304.28,1990,325,227.89,1061,4.17,3.00,1.26,1150.06,915.59,693.50,7.00,0.00,3.50,800.50,2.50
0855,79122,1834,10,6,100,5,1000.00,182.21,1298,695,230.39,567,4.93,8.00,0.97,982.58,1009.80,853.25,6.00,1.98,2.20,858.00,1.60
0856,208333,1806,10,8,100,1,1000.00,344.55,1761,536,400.32,1193,4.21,5.00,1.05,1032.14,981.92,1146.50,0.00,0.00,6.00,1189.00,1.00
0857,115057,1852,10,6,100,3,1000.00,128.95,1572,876,90.14,646,4.89,4.00,1.02,1012.22,993.12,1011.50,8.00,1.07,2.33,1106.00,2.33
0858,71787,1868,10,6,100,3,1000.00,512.20,2050,313,591.51,1452,6.31,7.00,0.94,963.53,1020.52,881.75,6.00,1.07,0.67,1237.00,3.00
0859,116460,1822,10,8,100,5,1000.00,387.56,2449,583,146.44,883,1.55,3.00,1.13,1080.28,954.84,768.75,7.60,2.21,2.20,1160.60,3.80
0860,199724,1816,10,7,100,1,1000.00,176.17,1304,699,214.84,583,4.58,2.00,1.03,1019.86,988.83,1008.25,0.00,0.00,3.00,1100.00,3.00
0861,105427,1867,10,6,100,5,1000.00,377.27,1524,388,207.81,1090,3.50,7.00,1.30,1174.75,901.70,664.50,5.60,2.32,0.40,1004.80,1.80
0862,130439,1873,10,3,100,4,1000.00,255.32,1859,620,120.88,409,1.87,7.00,1.02,1010.06,994.34,1002.50,8.00,2.17,2.67,927.67,7.00
0863,612826,1879,10,2,100,3,1000.00,278.61,2004,817,111.16,1187,4.08,6.00,0.89,926.36,1041.42,1153.50,6.00,0.00,1.00,836.50,2.50
0864,147232,1878,10,4,100,3,1000.00,203.78,1575,594,198.59,537,2.26,1.00,1.19,1114.47,935.61,960.50,8.00,2.71,1.67,971.33,2.67
0865,114685,1881,10,3,100,2,1000.00,159.47,1266,765,180.08,495,5.80,5.00,0.97,983.67,1009.19,1139.75,10.00,0.00,2.00,1212.50,1.00
0866,101526,1841,10,8,100,5,1000.00,194.89,1379,531,117.28,423,2.21,2.00,1.29,1167.72,905.66,732.25,6.40,2.24,0.60,1062.00,1.80
0867,193045,1880,10,6,100,3,1000.00,114.92,1369,827,60.80,172,1.50,5.00,1.05,1033.17,981.34,925.50,6.00,1.35,2.33,986.00,3.33
0868,304159,1869,10,3,100,5,1000.00,207.29,1742,715,81.27,321,1.62,4.00,1.10,1061.25,965.55,864.50,5.33,0.84,4.33,842.33,5.00
0869,146899,1844,10,8,100,2,1000.00,421.13,1719,384,474.88,1258,5.60,3.00,0.99,992.86,1004.02,1157.75,6.00,0.00,4.00,1335.00,0.50
0870,120590,1884,10,3,100,4,1000.00,230.51,2023,874,106.55,1139,5.29,5.50,0.96,973.03,1015.17,954.00,9.33,0.88,3.00,1249.67,1.67
0871,254637,1882,10,3,100,1,1000.00,148.40,1234,713,161.24,498,4.71,4.00,1.01,1006.03,996.61,970.75,0.00,0.00,6.00,804.00,2.00
0872,155787,1865,10,5,100,3,1000.00,231.82,1871,659,103.58,620,1.71,4.00,1.32,1182.92,897.11,761.50,8.67,2.34,2.67,976.00,3.00
0873,210012,1891,10,6,100,4,1000.00,165.44,1616,749,48.61,234,1.69,7.00,1.04,1028.19,984.14,926.75,6.00,2.50,2.00,1003.75,5.00
0874,91888,1867,10,6,100,5,1000.00,416.48,1816,405,463.72,1385,4.18,5.00,0.87,915.94,1047.28,800.75,6.60,1.21,1.80,1294.60,1.20
0875,93592,1868,10,3,100,2,1000.00,191.66,1680,664,88.31,428,2.20,3.00,1.17,1100.03,943.73,791.50,11.00,0.00,0.50,934.50,2.50
0876,246684,1838,10,6,100,1,1000.00,476.82,2291,348,525.89,1884,2.64,2.00,1.32,1182.14,897.55,1066.75,0.00,0.00,3.00,690.00,2.00
0877,132468,1888,10,4,100,4,1000.00,310.92,1878,739,173.69,1017,1.62,2.00,1.38,1214.36,879.42,894.00,9.33,2.25,3.00,899.25,5.00
0878,120076,1911,10,5,100,2,1000.00,289.19,1496,541,349.04,908,3.64,4.00,1.09,1058.44,967.12,905.50,2.00,0.00,5.00,1437.00,0.00
0879,279638,1838,10,6,100,1,1000.00,376.59,1717,426,435.73,1287,5.47,4.00,1.11,1064.97,963.45,1062.25,0.00,0.00,4.00,1688.00,0.00
0880,125887,1858,10,2,100,5,1000.00,220.56,1695,592,144.53,574,2.56,7.00,0.98,987.22,1007.19,1098.25,8.00,0.00,5.00,834.50,3.00
0881,136844,1861,10,2,100,5,1000.00,620.14,3175,512,194.68,809,1.69,6.00,0.87,914.67,1048.00,890.25,5.00,0.00,2.50,755.50,5.50
0882,106262,1880,10,4,100,2,1000.00,242.75,1673,632,122.68,664,2.15,4.00,1.02,1010.50,994.09,934.50,4.00,0.00,0.00,1014.50,3.00
0883,277011,1873,10,2,100,2,1000.00,631.12,2635,265,467.99,2245,2.05,3.00,1.02,1012.22,993.12,1095.00,12.00,0.00,3.00,874.00,7.50
0884,83549,1859,10,5,100,5,1000.00,72.42,1113,871,84.37,240,5.58,4.00,0.99,992.75,1004.08,1079.50,6.40,1.53,0.80,961.40,2.60
0885,124115,1850,10,6,100,3,1000.00,182.13,1341,712,230.90,567,4.23,2.00,0.96,973.39,1014.97,1023.75,6.67,0.51,4.67,975.67,2.33
0886,78787,1821,10,4,100,4,1000.00,513.35,2524,318,223.74,741,1.69,6.00,1.32,1186.17,895.28,747.50,7.17,2.53,2.75,1430.00,2.50
0887,208437,1817,10,8,100,1,1000.00,319.08,2441,551,229.47,1262,2.36,4.00,1.24,1142.36,919.92,855.75,0.00,0.00,5.00,1354.00,0.00
0888,167911,1853,10,8,100,2,1000.00,404.28,2222,424,437.42,1701,2.99,3.00,1.22,1128.19,927.89,706.50,3.00,0.00,5.50,553.50,1.50
0889,152353,1876,10,3,100,2,1000.00,424.41,2129,491,315.22,1413,1.90,3.00,0.92,950.39,1027.91,637.75,9.00,0.00,3.50,1356.50,3.00
0890,126297,1885,10,4,100,5,1000.00,339.31,1715,490,358.60,1165,3.62,2.00,1.04,1025.72,985.53,908.00,3.83,1.47,2.25,1132.75,2.00
0891,126270,1869,10,3,100,3,1000.00,345.16,2137,587,166.15,557,1.59,2.00,1.54,1290.50,836.59,646.50,10.00,2.87,1.67,796.00,5.33
0892,234491,1867,10,8,100,4,1000.00,206.10,1429,554,65.21,241,2.17,6.00,1.15,1093.28,947.53,785.00,5.17,1.32,1.75,1158.50,1.75
0893,100594,1884,10,5,100,4,1000.00,307.89,2344,570,177.45,876,1.87,5.00,1.02,1013.86,992.20,965.50,6.83,2.59,1.75,918.75,6.00
0894,157220,1844,10,8,100,3,1000.00,65.19,1106,892,77.91,212,6.12,7.33,1.00,1001.14,999.36,985.25,6.67,2.00,3.00,949.00,2.00
0895,105052,1844,10,8,100,5,1000.00,396.60,2798,453,340.94,1416,1.93,2.00,1.35,1197.67,888.81,1007.50,6.00,2.10,1.20,1016.80,2.40
0896,162017,1890,10,2,100,5,1000.00,233.63,1379,637,256.34,689,5.44,6.00,0.92,949.08,1028.64,1044.00,7.00,0.00,3.50,729.00,2.50
0897,292798,1877,10,3,100,2,1000.00,102.36,1162,810,103.66,329,4.60,3.00,0.99,992.81,1004.05,951.50,2.00,0.00,6.00,927.00,2.00
0898,120266,1845,10,8,100,4,1000.00,749.54,3619,286,340.09,1523,1.79,5.00,0.93,953.83,1025.97,609.75,4.17,1.55,2.75,681.25,4.75
0899,246369,1846,10,6,100,1,1000.00,438.55,2907,452,263.55,1199,1.45,4.00,1.33,1189.25,893.55,657.25,0.00,0.00,5.00,925.00,7.00
0900,146993,1871,10,6,100,4,1000.00,200.20,1847,669,116.19,433,1.75,2.00,1.27,1159.00,910.56,806.25,7.33,1.47,3.50,982.00,3.25
0901,74051,1849,10,5,100,5,1000.00,284.46,1761,566,249.09,807,5.11,8.00,0.95,965.42,1019.45,948.50,7.40,1.56,1.20,885.60,2.40
0902,148779,1833,10,7,100,1,1000.00,236.76,1406,628,272.58,754,4.60,7.00,1.11,1065.31,963.27,1062.25,0.00,0.00,4.00,1343.00,0.00
0903,102767,1870,10,5,100,5,1000.00,382.84,1773,471,413.01,1245,5.06,7.00,1.01,1004.33,997.56,1037.75,3.20,1.49,1.40,744.80,2.00
0904,263130,1856,10,5,100,1,1000.00,226.22,1468,526,110.81,364,2.23,5.00,1.11,1068.64,961.39,847.00,0.00,0.00,5.00,907.00,4.00
0905,87434,1880,10,4,100,3,1000.00,132.06,1439,888,64.93,520,2.81,3.00,0.99,994.39,1003.16,965.00,10.00,4.14,1.67,986.33,2.00
0906,183185,1860,10,4,100,1,1000.00,92.25,1144,828,100.90,301,5.08,3.00,0.98,989.25,1006.05,963.50,0.00,0.00,5.00,1100.00,1.00
0907,111778,1861,10,6,100,3,1000.00,39.11,1059,929,47.16,124,4.61,5.00,1.00,997.25,1001.55,1010.75,6.00,1.84,0.67,977.00,1.00
0908,137164,1862,10,3,100,1,1000.00,231.00,1366,624,251.62,687,4.00,6.00,1.00,999.61,1000.22,1068.00,0.00,0.00,7.00,1155.00,2.00
0909,107535,1868,10,3,100,3,1000.00,313.12,1790,591,125.49,391,1.69,9.00,1.02,1013.75,992.27,997.50,8.00,2.08,2.00,952.00,5.33
0910,87208,1796,10,7,100,2,1000.00,639.92,2951,300,465.22,2561,2.07,4.00,0.78,848.17,1085.41,1090.50,6.00,0.00,4.00,1583.50,2.00
0911,136516,1856,10,8,100,5,1000.00,293.26,1556,527,327.89,987,4.23,4.00,1.08,1049.06,972.41,1051.50,8.60,2.69,0.80,1034.40,1.60
0912,110344,1785,10,7,100,4,1000.00,506.33,2040,273,304.97,1137,2.63,4.00,1.37,1207.86,883.08,686.75,5.33,1.73,4.50,1064.00,1.75
0913,392047,1890,10,2,100,3,1000.00,462.62,2004,394,504.32,1561,4.89,4.00,0.98,985.08,1008.39,997.75,3.00,0.00,5.50,1386.00,2.50
0914,99989,1825,10,8,100,3,1000.00,325.63,1595,495,371.45,1025,4.92,5.00,0.96,975.47,1013.80,909.50,6.67,1.90,3.33,1042.67,2.00
0915,253466,1837,10,7,100,1,1000.00,151.10,1220,749,161.64,469,5.14,7.00,1.00,998.11,1001.06,1006.50,0.00,0.00,7.00,1167.00,3.00
0916,431347,1857,10,2,100,1,1000.00,453.83,1851,354,534.44,1352,5.21,4.00,1.03,1019.75,988.89,606.25,0.00,0.00,6.00,437.00,4.00
0917,212866,1849,10,2,100,5,1000.00,280.86,1557,564,372.65,943,5.22,8.00,0.92,948.81,1028.80,826.75,2.00,0.00,5.00,901.00,2.00
0918,89914,1854,10,5,100,4,1000.00,371.33,1678,470,431.99,1177,4.60,5.00,0.93,957.33,1024.00,957.25,9.33,2.45,0.00,927.25,2.00
0919,77356,1841,10,8,100,4,1000.00,311.53,2514,509,271.34,1209,3.62,4.00,1.13,1076.72,956.84,882.50,6.67,1.83,1.50,1071.00,2.50
0920,152111,1865,10,3,100,2,1000.00,316.54,2293,507,164.60,548,1.74,6.00,1.00,998.33,1000.94,906.00,8.00,0.00,2.00,946.50,3.00
0921,94331,1888,10,4,100,5,1000.00,689.07,3203,163,391.14,1422,1.62,3.00,1.61,1321.00,819.44,863.25,7.50,1.47,4.25,1044.75,4.25
0922,49313,1836,10,8,100,3,1000.00,226.63,2251,718,112.17,867,1.60,5.00,1.11,1068.03,961.73,910.25,8.67,0.88,3.00,987.33,5.00
0923,125279,1889,10,4,100,4,1000.00,236.78,1445,827,65.14,604,1.97,7.00,0.94,963.50,1020.53,981.75,6.67,1.15,1.50,1133.25,3.25
0924,135959,1842,10,7,100,3,1000.00,230.78,1410,630,249.00,737,5.14,5.00,0.91,937.78,1035.00,954.25,10.67,3.48,0.33,965.33,2.00
0925,112150,1824,10,8,100,4,1000.00,217.16,1918,729,57.93,478,2.58,8.00,0.99,995.42,1002.58,983.50,6.67,1.71,1.50,897.50,5.75
0926,57936,1870,10,5,100,5,1000.00,484.32,2325,455,306.66,1752,2.05,7.00,1.05,1029.61,983.34,815.50,8.20,1.08,1.80,1232.40,4.20
0927,149266,1862,10,7,100,2,1000.00,380.18,2331,473,412.57,1781,5.75,5.00,0.92,944.72,1031.09,949.25,2.00,0.00,8.00,1374.00,1.00
0928,244803,1859,10,4,100,1,1000.00,594.19,2959,330,557.38,1922,2.55,6.00,1.08,1049.17,972.34,609.50,0.00,0.00,5.00,1678.00,5.00
0929,275773,1887,10,2,100,5,1000.00,292.62,1999,807,119.37,1127,3.12,7.00,0.93,954.11,1025.81,885.50,3.00,0.00,3.50,982.00,2.50
0930,107439,1886,10,4,100,5,1000.00,571.39,2299,246,418.52,1929,2.45,6.00,1.33,1188.97,893.70,797.50,9.33,2.38,2.50,918.75,4.00
0931,97064,1828,10,8,100,3,1000.00,597.77,2728,435,184.13,668,1.69,8.00,0.89,928.56,1040.19,972.00,4.67,1.17,3.67,718.00,6.33
0932,263584,1839,10,3,100,1,1000.00,326.35,1553,472,394.12,1048,4.48,3.00,1.02,1015.19,991.45,943.75,0.00,0.00,3.00,1532.00,0.00
0933,426173,1865,10,2,100,2,1000.00,178.76,1470,562,74.18,471,2.18,5.00,1.23,1138.25,922.23,732.75,11.00,0.00,2.50,993.50,3.50
0934,91577,1826,10,8,100,5,1000.00,239.21,1509,542,131.17,466,1.87,7.00,1.12,1076.44,957.00,882.00,7.80,2.36,1.80,964.00,5.60
0935,452604,1865,10,2,100,3,1000.00,534.79,2339,152,247.73,757,1.55,5.00,1.23,1133.83,924.72,696.00,1.00,0.00,5.50,670.50,9.50
0936,200827,1879,10,2,100,5,1000.00,319.56,1851,526,215.04,838,3.16,1.00,1.26,1153.14,913.86,723.50,9.00,0.00,2.50,912.50,2.50
0937,182620,1844,10,3,100,5,1000.00,260.36,1900,590,138.48,577,1.64,3.00,1.27,1156.97,911.70,779.50,6.00,2.08,3.67,1138.33,2.00
0938,76712,1840,10,6,100,2,1000.00,206.24,1627,650,97.42,390,2.35,3.00,1.09,1055.81,968.61,943.25,6.00,0.00,5.00,893.00,4.50
0939,84033,1819,10,8,100,5,1000.00,389.58,2709,531,215.11,1027,1.87,8.00,0.95,968.81,1017.55,1053.50,6.00,2.39,3.20,1226.60,2.80
0940,269650,1843,10,6,100,1,1000.00,285.83,2405,596,186.98,851,1.69,5.00,1.01,1003.94,997.78,862.00,0.00,0.00,7.00,1091.00,2.00
0941,308709,1837,10,3,100,1,1000.00,515.44,2861,351,425.94,2211,3.85,9.00,0.74,812.69,1105.36,1320.25,0.00,0.00,2.00,792.00,4.00
0942,139787,1852,10,6,100,4,1000.00,430.10,2265,368,496.86,1527,5.32,8.00,0.93,955.72,1024.91,1176.25,6.50,1.47,3.75,940.75,1.00
0943,88841,1884,10,4,100,5,1000.00,235.45,1387,614,271.79,723,4.28,2.00,1.00,999.86,1000.08,1093.00,8.83,1.47,1.75,1132.75,1.75
0944,255484,1900,10,4,100,2,1000.00,232.29,1976,713,80.52,387,1.55,5.00,1.06,1035.92,979.80,869.75,7.00,0.00,2.50,888.00,5.50
0945,138127,1874,10,6,100,3,1000.00,393.73,2789,413,247.06,1075,1.72,2.00,1.77,1387.08,782.27,606.50,6.67,1.20,0.33,1212.00,2.33
0946,192326,1898,10,4,100,4,1000.00,296.68,1800,356,156.69,869,2.88,3.00,1.27,1156.92,911.73,695.00,7.83,0.91,3.25,768.00,3.75
0947,157590,1838,10,7,100,2,1000.00,570.58,2827,255,517.91,1647,1.72,4.00,1.03,1021.17,988.09,763.25,3.00,0.00,5.50,1211.00,7.50
0948,109551,1839,10,7,100,4,1000.00,323.63,2486,507,183.72,791,1.65,4.00,1.23,1137.19,922.83,769.25,4.83,1.70,3.25,847.50,5.75
0949,142517,1873,10,3,100,2,1000.00,333.30,2412,465,128.36,784,1.82,5.00,1.21,1125.56,929.38,791.00,3.00,0.00,4.50,1248.50,1.50
0950,130323,1874,10,7,100,5,1000.00,272.80,1911,608,113.89,415,1.60,5.00,1.08,1047.75,973.14,801.50,6.40,2.17,1.20,870.20,5.20
0951,319933,1843,10,7,100,1,1000.00,240.59,1668,649,133.82,595,1.98,4.00,1.14,1086.69,951.23,824.25,0.00,0.00,8.00,807.00,9.00
0952,138505,1860,10,6,100,4,1000.00,232.68,1358,579,80.03,358,2.20,6.00,1.13,1079.39,955.34,788.75,6.83,1.08,1.75,1059.00,2.50
0953,479092,1864,10,2,100,5,1000.00,257.12,1442,563,293.89,803,4.88,5.00,1.04,1023.92,986.55,1021.75,3.00,0.00,2.50,1248.00,1.50
0954,135979,1887,10,4,100,3,1000.00,24.05,1038,946,28.31,85,5.50,7.50,1.00,1002.33,998.69,997.25,7.33,2.17,1.67,993.33,2.00
0955,69529,1877,10,5,100,5,1000.00,122.72,1171,770,142.75,400,4.31,2.00,0.99,993.28,1003.78,965.00,7.40,1.20,0.60,1039.40,1.80
0956,130169,1831,10,7,100,2,1000.00,178.49,1657,750,80.07,369,1.57,4.00,1.23,1134.33,924.44,824.25,12.00,0.00,0.00,929.00,4.50
0957,100008,1823,10,8,100,3,1000.00,550.51,2042,219,407.08,1718,2.88,3.00,1.37,1208.69,882.61,512.75,6.00,2.03,4.00,960.67,2.67
0958,126555,1882,10,4,100,4,1000.00,194.15,1742,676,70.31,265,1.67,6.00,1.03,1019.17,989.22,916.25,5.33,1.71,3.00,1127.00,2.50
0959,464625,1830,10,4,100,1,1000.00,304.63,1738,561,93.48,485,2.93,6.00,1.01,1007.97,995.52,925.50,0.00,0.00,2.00,814.00,6.00
0960,107791,1816,10,8,100,4,1000.00,486.54,3126,418,294.54,1371,1.98,6.00,0.98,989.14,1006.11,699.50,6.33,2.10,2.00,800.00,5.00
0961,392289,1869,10,2,100,1,1000.00,440.42,1912,234,176.60,573,1.83,6.00,1.16,1095.25,946.42,754.75,0.00,0.00,7.00,1861.00,0.00
0962,159066,1873,10,7,100,3,1000.00,544.92,2195,214,415.94,1428,2.79,5.00,1.31,1177.67,900.06,827.50,6.67,1.53,3.00,935.00,3.33
0963,275832,1862,10,2,100,4,1000.00,386.50,1732,445,418.44,1262,4.31,1.00,0.96,975.56,1013.75,1166.75,10.00,0.00,4.00,898.00,2.00
0964,204504,1820,10,8,100,1,1000.00,568.70,2108,295,676.92,1796,4.76,4.50,0.88,921.72,1044.03,1098.25,0.00,0.00,2.00,422.00,2.00
0965,124771,1865,10,5,100,5,1000.00,467.06,2257,411,323.98,1211,1.64,4.00,1.71,1361.58,796.61,802.25,7.00,1.96,3.40,950.80,5.80
0966,282351,1852,10,5,100,1,1000.00,90.72,1149,835,107.86,314,5.88,6.00,0.99,990.78,1005.19,982.00,0.00,0.00,4.00,1018.00,2.00
0967,313263,1897,10,2,100,4,1000.00,48.42,1080,906,57.93,169,5.02,6.00,1.00,998.25,1000.98,990.25,6.00,0.00,5.00,917.00,2.50
0968,72237,1836,10,8,100,5,1000.00,233.05,1827,600,143.79,430,2.17,5.00,1.05,1033.83,980.97,805.75,7.60,1.31,0.80,1006.80,3.00
0969,123237,1863,10,8,100,3,1000.00,500.56,2160,447,136.56,599,1.64,4.00,1.24,1143.47,919.30,663.50,7.33,0.51,2.67,589.00,6.67
0970,114471,1873,10,4,100,4,1000.00,410.47,2085,337,122.38,501,1.87,8.00,1.13,1076.92,956.73,855.50,7.00,1.65,1.50,1226.25,3.25
0971,118381,1843,10,8,100,3,1000.00,293.03,2229,620,165.50,889,2.53,5.00,1.27,1155.50,912.53,827.75,6.67,1.84,2.67,1022.33,1.67
0972,100588,1869,10,4,100,4,1000.00,524.46,2050,320,578.30,1707,4.55,3.00,1.00,1002.69,998.48,1004.50,8.33,3.00,2.50,1172.25,1.75
0973,98584,1805,10,8,100,1,1000.00,259.78,1444,569,303.54,837,4.46,6.00,1.06,1036.00,979.75,947.50,0.00,0.00,8.00,1223.00,1.00
0974,157498,1869,10,4,100,1,1000.00,74.73,1121,850,86.93,247,5.93,8.00,1.02,1012.61,992.91,1026.25,0.00,0.00,4.00,962.00,2.00
0975,244875,1832,10,6,100,1,1000.00,436.47,1808,328,491.48,1424,5.52,3.00,0.85,895.64,1058.70,657.75,0.00,0.00,6.00,1439.00,1.00
0976,118080,1851,10,7,100,5,1000.00,398.26,2304,447,442.38,1824,3.59,1.00,1.16,1096.31,945.83,541.00,8.00,2.19,1.40,851.20,2.20
0977,253036,1814,10,8,100,1,1000.00,289.16,2248,511,156.87,641,4.66,5.00,0.95,967.11,1018.50,1052.25,0.00,0.00,9.00,1071.00,2.00
0978,236528,1861,10,3,100,1,1000.00,284.07,1871,539,274.95,1181,4.02,4.00,1.10,1063.53,964.27,781.50,0.00,0.00,8.00,1113.00,1.00
0979,220605,1850,10,5,100,1,1000.00,2.48,1004,992,2.75,11,4.84,4.80,1.00,1000.19,999.89,1001.50,0.00,0.00,3.00,1002.00,1.00
0980,190672,1875,10,3,100,2,1000.00,448.70,1956,187,171.54,796,1.69,5.00,1.14,1086.28,951.47,800.50,5.00,0.00,3.50,689.50,5.50
0981,110517,1863,10,7,100,4,1000.00,249.18,2276,701,86.49,716,1.55,4.00,1.19,1111.61,937.22,828.00,7.17,2.48,0.25,1060.25,3.50
0982,104761,1880,10,5,100,4,1000.00,528.35,2334,325,224.43,963,1.67,6.00,1.20,1116.64,934.39,858.00,6.17,2.04,2.75,1027.50,4.25
0983,116626,1858,10,4,100,5,1000.00,229.09,1934,620,117.16,519,1.80,2.00,1.28,1161.83,908.97,778.00,6.50,2.02,3.25,1127.50,2.25
0984,130797,1861,10,6,100,5,1000.00,472.71,1895,312,546.07,1556,5.11,3.00,1.04,1027.56,984.50,727.00,6.80,2.49,1.60,834.00,1.00
0985,150106,1842,10,8,100,2,1000.00,359.29,1974,493,229.03,924,1.87,7.00,0.97,982.89,1009.62,987.50,8.00,0.00,4.00,906.00,7.00
0986,234728,1894,10,4,100,3,1000.00,271.75,2165,639,229.92,1463,4.02,7.00,0.90,935.78,1036.12,1180.50,6.00,0.19,3.33,953.33,1.67
0987,108007,1877,10,4,100,4,1000.00,89.24,1148,847,93.93,280,4.66,7.00,1.03,1020.78,988.31,1029.25,5.83,0.91,1.75,1008.50,2.25
0988,337449,1856,10,3,100,1,1000.00,250.01,1500,568,269.55,788,4.57,4.00,0.98,985.17,1008.34,1010.75,0.00,0.00,4.00,837.00,3.00
0989,269288,1813,10,8,100,1,1000.00,505.06,2048,182,219.19,693,1.85,9.00,1.04,1023.81,986.61,811.00,0.00,0.00,7.00,1995.00,0.00
0990,44723,1839,10,7,100,4,1000.00,527.68,1981,278,550.26,1612,4.76,5.00,1.21,1125.56,929.38,676.25,4.83,1.58,3.75,1259.00,2.25
0991,154311,1871,10,6,100,5,1000.00,265.43,1805,537,155.48,592,1.70,4.00,1.21,1124.67,929.88,783.25,5.80,2.68,2.20,1171.80,2.00
0992,94401,1857,10,7,100,3,1000.00,335.44,1944,753,129.06,1132,1.64,5.00,0.85,895.94,1058.53,1149.25,6.67,2.00,3.33,886.67,8.33
0993,89455,1836,10,5,100,5,1000.00,359.32,2227,420,303.05,862,2.20,8.00,0.91,943.22,1031.94,1196.75,6.20,1.52,1.80,858.00,5.40
0994,129372,1864,10,4,100,5,1000.00,314.63,2605,636,142.50,847,1.67,7.00,0.93,955.75,1024.89,973.50,6.67,1.11,4.00,1162.00,2.50
0995,189711,1867,10,4,100,4,1000.00,173.67,1645,696,96.08,349,1.67,8.00,1.02,1015.61,991.22,973.00,4.17,0.91,3.75,954.25,6.75
0996,149181,1862,10,3,100,3,1000.00,162.83,1258,687,180.99,562,3.88,1.00,1.02,1009.86,994.45,955.50,7.33,1.39,2.67,1013.67,2.00
0997,128536,1868,10,4,100,2,1000.00,75.34,1113,862,95.11,229,4.93,4.00,1.00,997.39,1001.47,977.00,4.00,0.00,3.00,992.00,2.50
0998,234879,1835,10,4,100,1,1000.00,174.31,1409,589,121.77,370,2.20,2.00,1.19,1113.22,936.31,780.25,0.00,0.00,8.00,702.00,5.00
0999,131260,1809,10,6,100,3,1000.00,273.82,1669,490,85.27,491,1.79,2.00,1.29,1169.14,904.86,733.50,7.33,2.65,2.67,1108.33,2.00
